refcode,HOMO,LUMO,gap,dipole_moment_Debye,Dispersion_E,Metal_q,Polarizability
ACOCUQ,-0.27035,-0.24367,0.02668,2.7287,-0.106156,0.67739,322.408526
ADIWIV,-0.1654,-0.11047,0.05493,4.7158,-0.194784,1.08981,573.414232
ADOMEO,-0.17019,-0.13418,0.03601,2.654,-0.105161,0.38991,357.803826
ADOMIS,-0.17015,-0.13415,0.036,2.6554,-0.105155,0.38976,357.804587
AFOYOM,-0.14985,-0.08156,0.06829,15.5145,-0.104555,0.21718,325.926287
AFOYUS,-0.15041,-0.08129,0.06912,15.3554,-0.104688,0.21982,325.930448
AFOZON,-0.1503,-0.08144,0.06886,15.442,-0.104599,0.21643,325.914235
AFOZUT,-0.15097,-0.08157,0.0694,15.2717,-0.104811,0.21901,325.912801
AFUJIX,-0.15092,-0.0817,0.06922,15.4102,-0.104761,0.21861,325.914288
AFUJOD,-0.15035,-0.08119,0.06916,15.3085,-0.104685,0.2201,325.928044
AGUDIQ,-0.15682,-0.05818,0.09864,1.0919,-0.105977,0.68067,320.343017
ALOKOB,-0.17616,-0.08063,0.09553,0.0002,-0.147234,1.26049,439.93132
ALOKUH,-0.16274,-0.06984,0.0929,0.0013,-0.20714,1.1716,566.485036
ALOVIH,-0.26866,-0.20988,0.05878,7.5316,-0.150604,0.62931,446.123983
ARADOO,-0.14076,-0.08217,0.05859,2.9133,-0.165408,0.34678,490.512012
AROMAW,-0.17979,-0.10148,0.07831,5.5952,-0.046961,0.71973,174.326878
AROMOK,-0.20045,-0.10135,0.0991,2.8607,-0.067982,0.11633,216.547124
ARUFOJ,-0.15966,-0.09622,0.06344,5.9195,-0.198818,0.47854,493.943119
ARUGAW,-0.15641,-0.10065,0.05576,7.2564,-0.19891,0.50908,512.693072
ARUGIE,-0.21308,-0.10452,0.10856,8.0096,-0.192257,0.96688,507.020469
ATAXAW,-0.14979,-0.0755,0.07429,9.9372,-0.130657,0.41106,368.491715
AWURAL,-0.08412,0.0062,0.09032,5.417,-0.169417,-0.00026,461.645683
AYALAN,-0.16684,-0.10249,0.06435,5.2405,-0.091391,0.78537,270.588729
AZAQOJ,-0.17967,-0.06686,0.11281,2.5817,-0.10857,1.18818,353.562979
BAJVOZ,-0.16146,-0.08585,0.07561,8.8484,-0.067048,0.91467,201.735135
BAMNOU,-0.14937,-0.09002,0.05935,6.6222,-0.153818,0.41185,461.329352
BAPZAT,-0.17272,-0.16286,0.00986,1.8367,-0.127269,0.7055,398.789443
BAPZIB,-0.16227,-0.13546,0.02681,6.309,-0.120981,0.74089,394.616392
BASLOW,-0.22619,-0.16255,0.06364,9.1951,-0.09582,0.86752,292.871929
BAWSOH,-0.14647,6e-05,0.14653,0.0014,-0.121315,-1.18114,298.922082
BAXFIS,-0.19266,-0.04048,0.15218,0.0,-0.098923,0.24893,287.035328
BAXXAB,-0.1458,-0.06492,0.08088,13.6925,-0.08822,0.41103,265.212223
BAYTEC,-0.17694,-0.07937,0.09757,0.0001,-0.086064,0.73584,305.586549
BAYTIG,-0.1786,-0.08042,0.09818,0.0017,-0.146272,0.7344,421.798688
BAYZEH,-0.14789,-0.08552,0.06237,16.1887,-0.18437,0.27086,481.08909
BEDLEC,-0.16712,-0.03265,0.13447,0.0004,-0.082866,0.4798,253.039684
BEDLIG,-0.17666,-0.06861,0.10805,0.0093,-0.284921,0.92608,623.769535
BEFNIM,-0.14446,-0.08709,0.05737,0.0093,-0.185473,0.353,557.244778
BEFNOS,-0.14522,-0.08796,0.05726,0.0112,-0.186835,0.34949,570.50019
BEGXOB,-0.1535,-0.09413,0.05937,11.4715,-0.124122,0.2502,380.003136
BEKVUJ,-0.26073,-0.25213,0.0086,0.0684,-0.040198,0.53103,173.430951
BEMWEW,-0.17254,-0.12908,0.04346,0.6418,-0.081268,0.87233,312.351222
BEPRET,-0.17055,-0.12219,0.04836,2.906,-0.103789,0.71962,372.239036
BEPTEW,-0.05346,-0.00069,0.05277,0.0042,-0.056677,0.35411,210.835385
BEPTIA,-0.18986,-0.12825,0.06161,2.1744,-0.05474,0.50088,201.869922
BEPVUN,-0.16471,-0.11682,0.04789,2.7606,-0.119344,0.72916,418.28024
BEQCUX,-0.16272,-0.1063,0.05642,6.559,-0.210521,0.75785,532.887166
BEQDAE,-0.18049,-0.13326,0.04723,6.3036,-0.257784,0.86654,697.391842
BEXMIC,-0.18458,-0.11023,0.07435,0.0121,-0.077015,0.65818,283.513333
BEXMOI,-0.18443,-0.10914,0.07529,0.0201,-0.076062,0.65915,283.538245
BEXMUO,-0.18119,-0.11516,0.06603,0.0178,-0.11047,0.6639,382.453978
BEXNAV,-0.17673,-0.11409,0.06264,3.4328,-0.111723,0.66015,382.471362
BEXXOT,-0.1356,-0.09869,0.03691,0.0041,-0.11035,0.29399,377.904993
BEYREE,-0.22247,-0.10868,0.11379,11.8904,-0.068416,1.55082,238.473758
BEZCAK,-0.11881,-0.06167,0.05714,2.3821,-0.12226,0.624,398.600423
BICNAC,-0.18353,-0.08443,0.0991,4.7139,-0.072924,0.37153,231.662416
BODQOC,-0.10557,-0.01101,0.09456,19.2316,-0.06614,-0.49522,229.053514
BOFFIL,-0.1906,-0.10196,0.08864,0.0136,-0.053372,0.74305,176.894295
BOJLUI,-0.16239,-0.1167,0.04569,0.0005,-0.136217,0.37425,460.009708
BOJMAP,-0.17415,-0.09505,0.0791,0.0342,-0.193529,0.3028,564.045257
BOQFUL,-0.15141,-0.00537,0.14604,0.0,-0.15121,0.22157,407.99709
BOWNIL,-0.14939,-0.08939,0.06,0.2051,-0.112192,0.32938,335.040235
BUCVOL,-0.16564,-0.09825,0.06739,3.1868,-0.103284,0.66819,332.453048
BUJJEW,-0.18403,-0.13434,0.04969,0.3672,-0.107553,-0.01951,316.694354
BUKVEJ,-0.15873,-0.06398,0.09475,5.2575,-0.129352,0.42255,370.26026
CAHGUQ,-0.27035,-0.21245,0.0579,2.0945,-0.119497,0.60132,329.782614
CAHHEB,-0.27027,-0.21241,0.05786,2.1007,-0.119465,0.60428,329.784731
CAHYOB,-0.1581,-0.14156,0.01654,0.4964,-0.20344,0.8804,596.669118
CAPMOW,-0.15417,-0.11158,0.04259,2.8162,-0.151942,0.59342,446.613291
CAQVEX,-0.15302,-0.0679,0.08512,0.0226,-0.104919,0.48549,342.798127
CASYOL,-0.15434,-0.14441,0.00993,9.7911,-0.11849,0.59902,355.358135
CAWCIP,-0.28872,-0.19579,0.09293,13.5185,-0.120634,1.11015,375.428549
CAWCOV,-0.29594,-0.19748,0.09846,12.0363,-0.126914,0.18736,374.294219
CAWDAI,-0.2728,-0.20612,0.06668,12.4022,-0.123551,0.63527,383.452798
CAXVAZ,-0.28825,-0.23394,0.05431,7.325,-0.081014,0.7761,225.016617
CAXVOP,-0.15611,-0.08593,0.07018,0.017,-0.203686,0.65775,583.798886
CAYCAH,-0.16556,-0.13657,0.02899,1.8628,-0.193907,0.40986,524.998253
CENXOI,-0.13372,-0.07782,0.0559,12.9062,-0.062016,0.6439,193.585593
CENYOJ,-0.13252,-0.07681,0.05571,13.9655,-0.049041,0.63223,170.511516
CESTOJ,-0.15012,-0.09758,0.05254,1.5583,-0.242282,0.60563,654.807251
CEVXOT,-0.12953,-0.10318,0.02635,0.0,-0.238244,0.74194,758.025413
CEXXIM,-0.14329,-0.13827,0.00502,1.6868,-0.103396,-0.08262,362.434847
CIFZIB,-0.24168,-0.23523,0.00645,8.64,-0.232444,0.12666,599.885379
CIHVUK,-0.11357,-0.01758,0.09599,2.3905,-0.098155,-0.26149,269.958869
CIKGUB,-0.16403,-0.07665,0.08738,1.828,-0.150116,0.12833,444.441476
CIKHAI,-0.02663,0.04215,0.06878,9.0637,-0.139201,0.06297,444.741287
CIKHEM,-0.02297,0.06354,0.08651,9.8451,-0.162295,0.09758,450.84212
CIKZON,-0.05967,-0.01401,0.04566,2.5873,-0.095386,0.58483,313.450137
CIRQUP,-0.19045,-0.12944,0.06101,6.3623,-0.186025,0.71206,490.525625
CIVRAC,-0.18032,-0.09415,0.08617,0.2245,-0.079837,0.63494,287.925292
COBZOL,-0.12322,-0.09689,0.02633,0.0491,-0.223062,0.77371,644.283858
CODXEB,-0.21492,-0.09403,0.12089,5.8085,-0.165019,1.14302,473.513951
CUQVIV,-0.18039,-0.0925,0.08789,4.7052,-0.143922,0.0228,418.536616
CUWSIW,-0.11785,-0.05761,0.06024,5.9929,-0.233284,-0.30108,580.684629
DABQII,-0.16445,-0.07965,0.0848,15.4009,-0.179814,-0.29932,545.090747
DABQOO,-0.16432,-0.08027,0.08405,15.4571,-0.18005,-0.29761,545.100276
DACHOG,-0.1551,-0.05221,0.10289,6.6882,-0.179367,0.70697,507.699687
DACJUN,-0.17123,-0.09502,0.07621,5.5416,-0.149961,0.34383,502.972634
DADHUN,-0.17452,-0.06697,0.10755,22.4033,-0.274891,0.25017,661.191799
DAHCAQ,-0.15102,-0.06601,0.08501,0.4117,-0.102693,0.68099,307.023268
DALDEA,-0.1193,-0.0618,0.0575,2.3197,-0.12231,0.62415,398.614142
DALQAL,-0.1342,-0.04924,0.08496,5.7951,-0.138492,0.27194,365.170368
DECKAZ,-0.15719,-0.07613,0.08106,7.5247,-0.070581,0.04875,204.977346
DECKIH,-0.1592,-0.08404,0.07516,7.7634,-0.084524,0.18593,228.006239
DECLAA,-0.14911,-0.08061,0.0685,11.813,-0.080504,0.32934,237.504526
DEDKII,-0.12822,0.00094,0.12916,0.0029,-0.118082,0.62617,352.176964
DEDLUV,-0.13373,-0.0177,0.11603,0.0,-0.093245,0.84171,324.202122
DEDMEG,-0.14764,-0.02682,0.12082,0.03,-0.089768,0.43753,305.879574
DEGROY,-0.181,-0.14803,0.03297,1.0579,-0.142305,0.87644,472.906488
DELPES,-0.17723,-0.1281,0.04913,13.3199,-0.175208,1.09484,532.509283
DEMBOP,-0.15951,-0.12847,0.03104,14.8726,-0.168936,0.3013,519.535779
DEMTOF,-0.20361,-0.16086,0.04275,7.3871,-0.065416,-0.08093,269.814185
DIDTOB,-0.17108,-0.1132,0.05788,13.8943,-0.071583,0.79335,240.009741
DIFXEX,-0.14563,-0.09357,0.05206,0.0199,-0.179337,0.3497,551.47404
DIGJAG,-0.17733,-0.14669,0.03064,4.0925,-0.101855,0.8275,298.310694
DIGJEK,-0.15377,-0.14511,0.00866,8.7026,-0.089639,0.85353,298.291941
DIVVEK,-0.17298,-0.06573,0.10725,4.41,-0.127893,1.79904,401.398339
DOFFUA,-0.13994,-0.06758,0.07236,0.0955,-0.120949,0.68896,321.900367
DOFGAH,-0.18573,-0.09644,0.08929,5.0542,-0.070497,0.32526,212.047723
DOMQIH,-0.1642,-0.09309,0.07111,11.5355,-0.157872,0.31155,460.839236
DOQRIK,-0.16612,-0.01211,0.15401,13.3738,-0.112327,0.50113,269.705173
DOVKAB,-0.15593,-0.08375,0.07218,0.6163,-0.083463,0.43746,286.610378
DOVKEF,-0.26304,-0.21059,0.05245,0.0026,-0.174704,0.62754,523.602509
DOVKUV,-0.16419,-0.09431,0.06988,1.016,-0.077049,0.46473,270.145894
DUCGIR,-0.19648,-0.13028,0.0662,9.5341,-0.046389,0.70185,163.81804
DUFLUM,-0.16474,-0.06837,0.09637,3.5613,-0.128617,0.68185,380.474785
DUMYAL,-0.38597,-0.24244,0.14353,0.1578,-0.056118,0.1821,166.559639
DUSGIJ,-0.18538,-0.08534,0.10004,14.072,-0.095809,0.20238,303.06845
DUYZII,-0.13169,-0.08152,0.05017,0.6429,-0.166784,0.74078,433.063093
EBIRAL,-0.14543,-0.08967,0.05576,0.006,-0.185886,0.35366,573.672658
EBIREP,-0.14536,-0.08971,0.05565,0.0145,-0.185671,0.35445,573.669906
EBOYOM,-0.20927,-0.17443,0.03484,1.2168,-0.170528,0.88941,569.19395
ECEKAA,-0.18528,-0.13844,0.04684,0.3421,-0.130073,-0.10821,448.299368
ECIJEF,-0.17569,-0.16642,0.00927,4.7178,-0.108091,0.9652,301.999516
ECIJIJ,-0.26648,-0.25225,0.01423,6.6101,-0.113006,0.68777,308.218466
ECOJAI,-0.18953,-0.14948,0.04005,5.8739,-0.132693,0.89881,379.410706
ECOVEY,-0.03604,0.04254,0.07858,5.2858,-0.062704,0.70598,245.130917
EDOYIF,-0.26617,-0.20993,0.05624,6.6134,-0.076591,0.72622,203.070255
EFEGED,-0.09804,0.01589,0.11393,2.0985,-0.253212,1.71757,717.870249
EGILIR,-0.34881,-0.09322,0.25559,6.7439,-0.085303,1.15016,214.073875
EKAPAJ,-0.15035,-0.09728,0.05307,2.2335,-0.12786,0.30631,397.743613
ESOCEV,-0.30792,-0.19012,0.1178,4.24,-0.112301,0.5198,328.935216
ESUNOV,-0.1802,-0.10371,0.07649,5.5991,-0.105461,0.33582,291.637755
ETOFOK,-0.13432,-0.07356,0.06076,2.5946,-0.168148,0.65056,555.399298
EYUQOG,-0.15705,-0.09911,0.05794,5.1508,-0.043773,0.75331,159.758012
EYURAT,-0.15643,-0.09744,0.05899,4.9425,-0.049241,0.77767,171.085734
EYUREX,-0.15107,-0.09338,0.05769,6.1691,-0.051601,0.75718,182.686737
EYUROH,-0.15878,-0.10354,0.05524,4.1431,-0.053752,0.77952,189.547337
FADVUC,-0.13894,-0.08712,0.05182,0.0092,-0.181145,0.3444,550.005538
FAGNAD,-0.15924,-0.11075,0.04849,0.0001,-0.122766,0.78449,379.801776
FARWEC,-0.01858,0.04151,0.06009,8.6584,-0.067062,0.61512,239.942893
FARWIG,-0.11335,-0.06994,0.04341,3.6,-0.082688,0.62013,265.34102
FASJUH,-0.12126,-0.06851,0.05275,0.0183,-0.135188,0.499,472.753285
FAWJOD,-0.16896,-0.0754,0.09356,0.6852,-0.110803,0.35815,385.716633
FAWJUJ,-0.16744,-0.07265,0.09479,1.9456,-0.151615,0.3555,478.732926
FEKPUJ,-0.22175,-0.10473,0.11702,5.8798,-0.072227,1.01547,262.332907
FEKQAQ,-0.21321,-0.11856,0.09465,2.9405,-0.145839,1.2001,451.192092
FEKQEU,-0.21036,-0.12649,0.08387,8.0428,-0.192483,1.31223,545.41398
FEKQIY,-0.21769,-0.12329,0.0944,11.2782,-0.169518,1.75851,469.866268
FEVFET,-0.14775,-0.09052,0.05723,5.1249,-0.109915,0.83906,329.461278
FEVXUA,-0.27981,-0.2285,0.05131,0.2473,-0.149367,0.65571,478.411316
FEXJEA,-0.20433,-0.06102,0.14331,5.8921,-0.271372,0.64035,723.100948
FEXWUC,-0.15569,-0.08608,0.06961,0.0019,-0.145938,0.42529,453.480678
FEYPOR,-0.1699,-0.14211,0.02779,0.3469,-0.272877,0.87771,723.1536
FEYWUD,-0.16281,-0.0841,0.07871,0.0013,-0.173465,0.28,489.107034
FEYYOA,-0.17763,-0.11556,0.06207,5.7461,-0.140443,0.48838,427.464364
FEZJEB,-0.17376,-0.09148,0.08228,8.1402,-0.136427,0.39593,416.212865
FEZSIM,-0.04305,-0.03029,0.01276,7.621,-0.033082,-0.53758,180.748509
FIHRET,-0.14308,-0.05115,0.09193,4.2012,-0.17184,0.14097,403.292836
FIMPIB,-0.05096,0.05154,0.1025,5.9489,-0.294825,-0.87779,691.502111
FISCAO,-0.10984,-0.06188,0.04796,3.2986,-0.124926,0.65639,418.706254
FISCOC,-0.11597,-0.06262,0.05335,0.0062,-0.123451,0.65849,418.686624
FITDES,-0.30264,-0.27442,0.02822,4.9079,-0.107324,0.51965,331.987929
FOFLEU,-0.28222,-0.16452,0.1177,12.9467,-0.117441,1.11974,369.994251
FOLXIQ,-0.14431,-0.09519,0.04912,0.0064,-0.177994,0.34563,541.125867
FOLXUC,-0.14429,-0.09529,0.049,0.0055,-0.177947,0.34524,541.126112
FOQCIY,-0.30189,-0.22719,0.0747,4.0764,-0.077178,0.69997,272.634467
FOQCOE,-0.265,-0.18957,0.07543,13.3277,-0.080431,0.7211,248.605239
FOQTOV,-0.16468,-0.12181,0.04287,6.0154,-0.141305,0.82041,385.212909
FOQVAJ,-0.15481,-0.14256,0.01225,6.1881,-0.140011,1.16363,376.574686
FOSJOO,-0.14013,-0.08165,0.05848,3.9028,-0.167038,0.65569,418.341498
FOSREN,-0.15824,-0.07993,0.07831,0.046,-0.161197,0.29017,436.587201
FOSRUD,-0.15836,-0.07968,0.07868,0.0184,-0.204864,0.28956,576.520672
FUNPIP,-0.19554,-0.15271,0.04283,2.9419,-0.199108,0.8688,623.494519
FURJAE,-0.1846,-0.11902,0.06558,8.6104,-0.194654,-1.48155,499.974638
FURJEI,-0.18763,-0.12304,0.06459,8.5629,-0.117963,-1.5218,357.224367
FURJOS,-0.16203,-0.06509,0.09694,6.7128,-0.247196,0.14269,615.832414
FURTUI,-0.13302,-0.04768,0.08534,1.556,-0.154161,0.44741,459.60094
FUTCON,-0.35434,-0.3057,0.04864,9.5326,-0.065958,0.85552,224.740083
FUWREV,-0.19005,-0.14731,0.04274,5.3786,-0.086216,0.56,313.320289
FUYPUM,-0.26184,-0.22011,0.04173,0.069,-0.256568,0.79147,678.759337
GAFYAO,-0.26111,-0.21267,0.04844,0.0044,-0.069619,-0.05745,283.898959
GAHBUO,-0.11854,-0.04589,0.07265,10.0033,-0.10803,0.10611,300.771418
GAKKOS,-0.16646,-0.11218,0.05428,12.3168,-0.099439,0.23954,325.874126
GAMZAW,-0.15207,-0.09621,0.05586,0.363,-0.138264,-0.03236,338.420754
GAMZEA,-0.15082,-0.09545,0.05537,0.0002,-0.212411,0.04944,487.222536
GAMZIE,-0.14382,-0.04495,0.09887,4.6213,-0.162894,-0.21316,379.701898
GAMZOK,-0.13552,-0.08531,0.05021,8.1405,-0.160826,0.42874,451.923597
GAMZUQ,-0.18613,-0.11703,0.0691,0.0002,-0.223264,0.32241,553.682983
GAYRON,-0.18034,-0.15793,0.02241,0.6893,-0.15014,0.92725,384.436291
GEJQES,-0.09743,-0.01947,0.07796,5.4001,-0.322341,0.79614,792.296763
GELLUH,-0.22403,-0.07659,0.14744,10.9797,-0.096153,1.19876,319.721901
GENMUJ,-0.24057,-0.18424,0.05633,2.0586,-0.143051,0.79567,360.783693
GENNIY,-0.25554,-0.19261,0.06293,5.3381,-0.140416,0.71734,350.325446
GEQCUD,-0.13936,-0.13011,0.00925,11.1596,-0.22309,0.5893,547.619624
GIQQEF,-0.17164,-0.08689,0.08475,0.024,-0.070012,0.63543,267.926919
GISXAK,-0.16423,-0.11148,0.05275,8.0803,-0.094883,0.55621,297.165667
GISXEO,-0.17055,-0.10048,0.07007,6.8552,-0.087983,0.62347,275.338522
GISXIS,-0.1647,-0.1126,0.0521,7.4767,-0.089498,0.55851,285.095559
GISXOY,-0.17009,-0.10699,0.0631,8.4446,-0.089321,0.64472,290.413436
GITYIS,-0.13351,-0.06632,0.06719,8.9844,-0.105474,0.48431,259.563735
GITYOY,-0.13731,-0.07834,0.05897,9.4665,-0.108013,0.46291,273.107826
GIXHED,-0.16505,-0.07666,0.08839,0.0088,-0.077149,0.63465,275.669853
GOGLIY,-0.17504,-0.12886,0.04618,0.0192,-0.1242,0.63217,460.966422
GUGBOB,-0.27669,-0.15527,0.12142,9.0732,-0.226493,-0.32344,512.021649
GUGBUH,-0.26728,-0.15841,0.10887,9.6423,-0.236552,-0.14573,532.178821
GUXVAW,-0.21522,-0.05597,0.15925,8.0228,-0.171261,0.77604,487.314252
GUZHIT,-0.15404,-0.07225,0.08179,7.4366,-0.159775,-0.52244,362.834632
GUZHOZ,-0.155,-0.08295,0.07205,4.2337,-0.145613,-0.53659,346.267474
HAPDOU,-0.14498,-0.0883,0.05668,13.8185,-0.216423,0.46519,545.377243
HAQLAP,-0.14372,-0.06925,0.07447,1.3721,-0.142333,0.09597,369.078902
HAQLET,-0.14093,-0.06689,0.07404,1.0013,-0.194786,0.02298,521.798393
HARHEP,-0.17362,-0.13663,0.03699,0.0022,-0.145549,-0.06907,494.227747
HAXHIY,-0.27862,-0.17353,0.10509,13.0814,-0.149481,0.31411,384.097038
HAXYOV,-0.26597,-0.24132,0.02465,1.8192,-0.337453,0.58122,891.186091
HEKGEM,-0.16458,-0.09325,0.07133,13.2082,-0.102417,0.39473,280.037146
HEKGIQ,-0.2016,-0.10669,0.09491,12.9194,-0.104367,0.36218,279.503696
HEWXEM,-0.15437,-0.04173,0.11264,5.7867,-0.123912,-0.90795,320.286461
HEZRUB,-0.1745,-0.10214,0.07236,2.5474,-0.349529,0.68304,857.435816
HIHZII,-0.14676,-0.01852,0.12824,7.4372,-0.151902,-1.21674,398.855535
HIWDAT,-0.14497,-0.02563,0.11934,0.1416,-0.174877,-0.20319,407.567805
HIZLAF,-0.19726,-0.01833,0.17893,0.4388,-0.151323,1.31358,439.331634
HOFJET,-0.16979,-0.07888,0.09091,9.8596,-0.054367,0.67255,203.763768
HOPYAP,-0.27541,-0.2148,0.06061,3.9244,-0.133858,0.59941,376.723378
HOPYIX,-0.27554,-0.21489,0.06065,3.9109,-0.133822,0.59973,376.723373
HOPYOD,-0.27518,-0.21537,0.05981,3.902,-0.133314,0.60278,376.731565
HOXXUP,-0.14264,-0.07015,0.07249,0.0399,-0.258612,0.66593,740.266043
HUGQEH,-0.0963,-0.01683,0.07947,5.3748,-0.189405,0.13963,447.311424
HUGQIL,-0.10278,-0.02762,0.07516,5.3321,-0.215108,0.32433,517.213545
HUGWAJ,-0.12183,-0.06494,0.05689,2.7649,-0.131006,0.63766,417.959839
HUGWOX,-0.16528,-0.07646,0.08882,0.0218,-0.075405,0.63109,275.599212
HUNYIZ,-0.16422,-0.08582,0.0784,4.44,-0.147024,0.33842,474.549617
HUNYOF,-0.17365,-0.09697,0.07668,8.6813,-0.14424,0.34764,465.444019
HUPQUG,-0.18947,-0.13349,0.05598,0.8694,-0.138823,0.53843,421.035085
HUPWUM,-0.18238,-0.15331,0.02907,3.4432,-0.22975,0.54545,587.21643
HUQKOV,-0.15716,-0.07646,0.0807,6.0429,-0.162625,0.40876,506.23383
HUVLIT,-0.17647,-0.16886,0.00761,8.4365,-0.231034,0.66282,651.929173
IBUVUW,-0.15207,-0.10546,0.04661,0.0078,-0.127455,0.31961,425.601837
ICODUC,-0.18636,-0.05284,0.13352,0.2232,-0.436352,2.01053,1069.33036
ICONIA,-0.06198,-0.01279,0.04919,4.8913,-0.246084,0.06381,558.672156
IFETEV,-0.15841,-0.09149,0.06692,6.8798,-0.108902,-0.02349,372.34914
IGAHON,-0.29009,-0.19632,0.09377,3.3242,-0.167098,-0.61235,360.286315
IGANAF,-0.28245,-0.22275,0.0597,2.0558,-0.106719,0.61749,296.753679
IGERIX,-0.18528,-0.08525,0.10003,13.9392,-0.095837,0.20339,303.059119
IHEKEN,-0.05692,0.02074,0.07766,18.7044,-0.101878,0.2113,321.391392
IHIDOS,-0.13333,-0.07807,0.05526,0.0308,-0.087043,0.57943,297.290351
IHITAW,-0.15574,-0.07094,0.0848,0.0066,-0.248026,0.29016,621.207299
IHITEA,-0.15335,-0.07223,0.08112,0.0026,-0.250224,0.26985,632.617893
IHITIE,-0.14184,-0.05913,0.08271,18.0051,-0.313464,0.26876,754.722718
IHITOK,-0.14165,-0.06052,0.08113,17.9911,-0.316429,0.27234,766.096992
IMOTOU,-0.28943,-0.23032,0.05911,8.2294,-0.113439,0.61288,334.671066
IMOVEN,-0.18611,-0.06275,0.12336,5.6392,-0.141036,1.49192,398.994585
IMOVIR,-0.18478,-0.06249,0.12229,4.7693,-0.140159,1.54797,392.186273
IPOYUI,-0.14608,-0.09742,0.04866,0.0019,-0.140507,0.8512,425.400647
IRAWON,-0.12707,-0.09279,0.03428,5.2956,-0.12613,0.50541,360.406031
IRUDUW,-0.18622,-0.11039,0.07583,3.483,-0.128319,0.66939,338.18975
IRUPOC,-0.16301,-0.13127,0.03174,2.7709,-0.211278,0.8695,634.354289
IXIGIG,-0.19918,-0.03265,0.16653,5.8024,-0.127874,0.97881,347.828236
IXIGOM,-0.1795,-0.01973,0.15977,5.2596,-0.093338,0.96394,275.009972
IYURUP,-0.16017,-0.06351,0.09666,8.0492,-0.201445,-2.50992,562.387644
JASBOV,-0.15029,-0.07519,0.0751,1.9948,-0.260323,-0.11252,630.229557
JEJREY,-0.14512,-0.09287,0.05225,12.3097,-0.110999,0.38384,322.118629
JEJROI,-0.14782,-0.09409,0.05373,11.6845,-0.114469,0.37186,333.57411
JEJSAV,-0.13714,-0.08832,0.04882,11.7688,-0.112476,0.65881,340.904769
JEJSEZ,-0.13391,-0.08773,0.04618,11.6173,-0.113365,0.63496,343.534118
JEJSID,-0.14076,-0.09029,0.05047,11.7854,-0.115418,0.6534,352.747908
JEJSOJ,-0.13716,-0.08962,0.04754,11.626,-0.116246,0.63044,355.365311
JEVRAD,-0.3002,-0.21019,0.09001,4.3645,-0.085687,0.43019,236.60007
JEXTIS,-0.14893,-0.05784,0.09109,3.1125,-0.06941,0.62641,261.172461
JILGAM,-0.31007,-0.29536,0.01471,0.2354,-0.092375,0.96679,300.709737
JIMCIS,-0.16214,-0.12316,0.03898,0.0805,-0.149707,-0.07798,555.758632
JIQKAW,-0.16217,-0.15433,0.00784,9.1848,-0.194012,0.9362,520.215878
JIWBOH,-0.0925,0.02175,0.11425,0.0035,-0.084327,0.34878,282.612329
JOGGIW,-0.12532,-0.04247,0.08285,3.0745,-0.239969,0.46492,587.712908
JOJNUR,-0.15356,-0.06785,0.08571,0.4874,-0.19568,0.54202,458.580108
JORFII,-0.10448,0.07449,0.17897,14.4455,-0.099538,-0.16629,297.813829
JOVJOV,-0.16729,-0.09238,0.07491,11.8562,-0.093571,-0.17667,293.869191
JUHJUR,-0.17598,-0.13797,0.03801,0.0222,-0.248564,-0.09622,740.060053
KACCEZ,-0.14656,-0.087,0.05956,0.0065,-0.135827,0.40459,420.087463
KACVOB,-0.14365,-0.13575,0.0079,0.5277,-0.212992,0.89713,631.046074
KADHUV,-0.18345,-0.13794,0.04551,1.8909,-0.124255,-0.10716,435.179907
KAGGIJ,-0.17265,-0.13949,0.03316,0.5113,-0.13433,0.87487,436.496663
KALXIH,-0.16067,-0.10358,0.05709,11.5233,-0.16787,0.23125,430.006095
KALXON,-0.16073,-0.10355,0.05718,11.5036,-0.167879,0.23265,430.005985
KANHUF,-0.13352,-0.07621,0.05731,10.8045,-0.073408,0.82659,207.293621
KARFUF,-0.14205,-0.07711,0.06494,2.3573,-0.094533,0.64382,277.697688
KARHER,-0.14719,-0.07057,0.07662,1.4778,-0.172905,0.22514,473.007876
KAXZUF,-0.14832,-0.12149,0.02683,1.6036,-0.452267,0.47943,997.389527
KAYJAW,-0.20977,-0.16577,0.044,6.6018,-0.06946,0.85436,254.862242
KEKLUK,-0.28309,-0.21109,0.072,4.4714,-0.108534,0.41039,338.774624
KEMQUQ,-0.18042,-0.09861,0.08181,5.5984,-0.097084,0.73047,335.783098
KEMSAY,-0.16254,-0.13049,0.03205,0.9746,-0.441797,0.87457,1079.421148
KEMSUS,-0.20159,-0.16963,0.03196,1.3552,-0.388938,0.88836,950.250425
KEMTED,-0.18522,-0.15107,0.03415,2.1582,-0.427907,0.88597,1039.039494
KENXIM,-0.15668,-0.10695,0.04973,3.9638,-0.201635,0.66926,634.508182
KIBNAL,-0.13497,-0.13121,0.00376,1.0337,-0.177826,0.73989,536.078919
KIRDUN,-0.15645,-0.06824,0.08821,3.1535,-0.098528,0.74573,243.261219
KIRFAV,-0.12852,-0.06755,0.06097,2.8209,-0.095129,0.84774,262.219661
KIRTUB,-0.18497,-0.08465,0.10032,9.8624,-0.105486,0.44284,312.780995
KIRVAJ,-0.17958,-0.07986,0.09972,11.0781,-0.120734,0.4441,368.947042
KOVWOJ,-0.21379,-0.16436,0.04943,0.0104,-0.054871,-0.06013,231.935555
KUHGOL,-0.2118,-0.09647,0.11533,7.3802,-0.084145,0.9542,262.272168
KUHQEL,-0.15181,-0.09056,0.06125,1.208,-0.127434,0.33965,369.345457
KUHQOV,-0.15123,-0.09281,0.05842,0.887,-0.145116,0.33266,426.427468
KUHRUC,-0.14713,-0.08754,0.05959,0.4843,-0.121278,0.3288,358.031417
KUHSAJ,-0.14855,-0.08863,0.05992,0.2252,-0.124426,0.32673,369.417161
KULTAO,-0.15104,-0.09072,0.06032,10.1379,-0.182727,0.24708,567.734026
KUMBEZ,-0.22938,-0.21129,0.01809,0.0116,-0.047071,0.92893,192.835776
LAYLEC,-0.1408,-0.07634,0.06446,0.7299,-0.132396,0.63566,398.76128
LAYLIG,-0.15245,-0.13053,0.02192,3.8246,-0.121329,0.70895,394.02526
LAYLOM,-0.1371,-0.06873,0.06837,0.0155,-0.122672,0.66185,396.306671
LAZCEU,-0.18335,-0.11849,0.06486,3.654,-0.062331,0.25167,229.764755
LEMNEX,-0.2274,-0.15466,0.07274,0.006,-0.071226,0.80003,256.033207
LEPDUI,-0.28763,-0.20849,0.07914,8.7983,-0.084624,0.53624,285.711228
LEVXUI,-0.19292,-0.14552,0.0474,0.0012,-0.114492,-0.10993,402.272125
LEWMEI,-0.30079,-0.21665,0.08414,1.7273,-0.111113,0.37757,326.368319
LEXSUF,-0.16739,-0.10487,0.06252,0.0743,-0.316198,0.56976,707.757544
LEXTOA,-0.18976,-0.04056,0.1492,0.0005,-0.30706,1.00838,721.68527
LEYXAQ,-0.17926,-0.13,0.04926,0.0558,-0.127373,-0.11513,446.67036
LIBTEX,-0.14458,-0.08859,0.05599,3.9961,-0.1845,0.57875,493.647179
LIFWIJ,-0.19229,-0.18007,0.01222,6.6181,-0.157044,1.81232,478.110963
LIMQOO,-0.121,-0.06209,0.05891,2.6076,-0.224022,-0.19931,525.704349
LIMQUU,-0.10859,-0.06421,0.04438,2.3465,-0.269238,-0.09666,567.137023
LINRAC,-0.25804,-0.17065,0.08739,8.9344,-0.14469,0.34142,381.482428
LINREG,-0.26145,-0.16853,0.09292,7.8737,-0.140405,0.34281,366.708855
LINRIK,-0.26205,-0.16792,0.09413,7.5517,-0.137919,0.32108,354.948206
LINROQ,-0.27928,-0.16729,0.11199,8.8608,-0.138057,0.08704,361.70229
LINRUW,-0.26315,-0.1703,0.09285,9.2168,-0.140151,0.35835,367.074723
LIPGID,-0.13392,-0.04023,0.09369,7.8839,-0.157526,1.66153,418.211168
LIVFUU,-0.15579,-0.1051,0.05069,0.0153,-0.147307,0.70872,439.847377
LIVGAB,-0.15643,-0.10602,0.05041,0.0148,-0.147571,0.71096,439.848749
LIVHEG,-0.15579,-0.10399,0.0518,0.0044,-0.147061,0.69908,439.83956
LIVHIK,-0.15591,-0.10491,0.051,0.0335,-0.147343,0.70513,439.843593
LIVHOQ,-0.16826,-0.10814,0.06012,2.8202,-0.147964,0.66397,442.317522
LODQEC,-0.20484,-0.07019,0.13465,12.5672,-0.066842,0.95284,280.098855
LOHNII,-0.24126,-0.19939,0.04187,14.0855,-0.158576,0.68069,411.999064
LOHNUU,-0.24466,-0.20111,0.04355,12.5457,-0.173271,0.6913,435.199873
LUDCOD,-0.28124,-0.23637,0.04487,0.8463,-0.101326,0.81057,296.425204
LUJCOK,-0.17869,-0.14243,0.03626,6.7862,-0.208981,0.86913,618.210835
LUMDON,-0.17,-0.13722,0.03278,2.0143,-0.139191,0.87371,452.963763
LUTGEO,-0.19246,-0.10565,0.08681,11.4066,-0.112828,0.21365,362.838396
LUWSUS,-0.15172,-0.07868,0.07304,15.4157,-0.102931,0.23241,314.538187
LUWTED,-0.15215,-0.07876,0.07339,15.3427,-0.102981,0.23228,314.522704
LUXJUJ,-0.17364,-0.025,0.14864,9.984,-0.090694,0.41422,242.30572
LUXJUL,-0.17686,-0.12604,0.05082,8.2912,-0.119992,0.54111,385.62268
LUXKIY,-0.23911,-0.06418,0.17493,15.8787,-0.055828,-0.10031,167.376682
MABNEK,-0.15804,-0.05959,0.09845,3.5135,-0.094808,0.71763,319.652707
MADGOQ,-0.27076,-0.21084,0.05992,1.3491,-0.116715,0.59384,329.784016
MADVEV,-0.27082,-0.21079,0.06003,1.348,-0.11676,0.5927,329.78363
MADVIZ,-0.26984,-0.21049,0.05935,2.9684,-0.116705,0.59446,329.766162
MADVUL,-0.26987,-0.21047,0.0594,2.9621,-0.116722,0.59408,329.765806
MADWEW,-0.2699,-0.21046,0.05944,2.9593,-0.116735,0.5938,329.765106
MAJWAV,-0.16376,-0.13832,0.02544,0.0875,-0.135836,-0.04061,519.677881
MAJYIF,-0.18031,-0.13978,0.04053,0.0006,-0.104883,-0.09949,350.00971
MAJYUS,-0.04838,0.02114,0.06952,0.4115,-0.134684,-0.16268,419.124287
MAQXOR,-0.12341,-0.06635,0.05706,2.3225,-0.160915,0.63237,492.105568
MARYEK,-0.14458,-0.04621,0.09837,0.0063,-0.135914,0.41187,430.833235
MAVHIA,-0.18051,-0.09457,0.08594,4.0068,-0.076426,-0.12688,232.696735
MAVJAU,-0.18461,-0.07644,0.10817,4.0972,-0.096424,-0.00719,284.109302
MAVNON,-0.1434,-0.04594,0.09746,0.4543,-0.150805,0.42717,430.840868
MAXBIY,-0.17168,-0.13016,0.04152,7.1972,-0.139758,0.6511,446.232163
MAXCAR,-0.11004,-0.05956,0.05048,0.0105,-0.125084,0.76583,402.794002
MAXGIE,-0.1829,-0.09072,0.09218,0.2025,-0.184361,0.48541,529.807976
MAXGOK,-0.1965,-0.11448,0.08202,1.7807,-0.246151,0.51958,643.439918
MAXGUQ,-0.17799,-0.0869,0.09109,0.3012,-0.19984,0.48271,575.913413
MAXZOC,-0.12148,-0.05547,0.06601,2.1031,-0.214676,0.60328,496.265441
MAYLUU,-0.03253,0.0246,0.05713,7.3491,-0.182505,0.72933,490.692219
MAZHIH,-0.14154,-0.10939,0.03215,2.9306,-0.252084,0.65866,555.661025
MAZHON,-0.15316,-0.11122,0.04194,1.3509,-0.234883,0.74535,532.671194
MEGCEH,-0.16406,-0.07404,0.09002,0.0224,-0.072492,0.6309,266.039966
MEMJIX,-0.20292,-0.154,0.04892,0.0013,-0.136359,-0.08872,417.421917
MENWUY,-0.13564,-0.05556,0.08008,0.0144,-0.069366,0.22628,217.702077
MEPGEW,-0.14907,-0.09925,0.04982,1.2904,-0.186454,0.66989,518.257978
METYEQ,-0.12691,-0.05312,0.07379,0.0049,-0.066249,0.23082,205.19869
MIFRIF,-0.1517,-0.07444,0.07726,13.8141,-0.093938,0.40862,289.899911
MIFROL,-0.15393,-0.07629,0.07764,13.5444,-0.096042,0.39788,301.429381
MIFSAY,-0.18784,-0.08737,0.10047,12.0391,-0.096942,0.31532,289.836269
MIFSEC,-0.18768,-0.08808,0.0996,13.8397,-0.094454,0.35812,289.610176
MIHBUC,-0.16663,-0.08783,0.0788,6.495,-0.194538,0.41675,533.16737
MIMNON,-0.17622,-0.07266,0.10356,12.4314,-0.147513,-0.09278,438.386664
MIMNUT,-0.17175,-0.07567,0.09608,14.1157,-0.159113,0.0205,458.272356
MINNOM,-0.15012,-0.14557,0.00455,13.2413,-0.118209,0.9539,374.360952
MOBKOE,-0.14564,-0.06689,0.07875,7.8521,-0.235385,0.89679,571.092164
MOHRAC,-0.19527,-0.07638,0.11889,8.5291,-0.102557,1.16597,382.31401
MOHSAD,-0.1523,-0.08444,0.06786,0.0011,-0.118387,0.7965,410.503227
MOHSEH,-0.20531,-0.08086,0.12445,0.0014,-0.117884,1.22947,405.07227
MOJROT,-0.16116,-0.09151,0.06965,6.9092,-0.260787,1.15784,574.181167
MOKZUJ,-0.33386,-0.22294,0.11092,17.0556,-0.076575,1.22993,273.163404
MONFOL,-0.15088,-0.08962,0.06126,5.6894,-0.153343,0.39086,461.292416
MONYIX,-0.14713,-0.09826,0.04887,1.9536,-0.214332,0.97969,483.259502
MONYOD,-0.16863,-0.10684,0.06179,2.7202,-0.134036,0.87356,350.085268
MONYUJ,-0.15074,-0.09649,0.05425,1.601,-0.17092,0.96566,413.114037
MONZAQ,-0.1539,-0.09876,0.05514,1.964,-0.161606,0.96685,390.009742
MOPMOU,-0.2424,-0.16012,0.08228,9.1588,-0.147548,0.67353,371.776952
MOPMUA,-0.23894,-0.16399,0.07495,4.5189,-0.146299,0.685,377.044947
MORTMN,-0.16904,-0.11759,0.05145,0.1785,-0.102703,-0.05614,338.520601
MOXNET,-0.14159,-0.0486,0.09299,5.2296,-0.138653,-0.27704,402.668622
MUBKEB,-0.14158,-0.04317,0.09841,4.8973,-0.225796,-0.8417,542.796521
MUBKIF,-0.14182,-0.04895,0.09287,5.3596,-0.269614,-0.64742,618.179074
MUBKOL,-0.12296,-0.0387,0.08426,1.1888,-0.412924,-1.51543,888.064033
MULJIM,-0.21199,-0.12933,0.08266,6.4294,-0.03028,-0.23628,150.452479
MUMCOM,-0.17355,-0.04604,0.12751,5.1874,-0.231481,0.34568,625.965141
MUSSUQ,-0.20336,-0.18621,0.01715,15.4637,-0.197554,1.62199,537.283669
MXPPNI,-0.16398,-0.10324,0.06074,11.5491,-0.105147,0.87316,354.680645
NADDAZ,-0.26075,-0.23592,0.02483,3.583,-0.175373,0.66233,461.641763
NAMLEV,-0.14959,-0.09604,0.05355,9.1189,-0.12655,0.41051,381.850535
NASNOM,-0.2008,-0.15157,0.04923,0.0013,-0.093027,-0.09348,324.204392
NASTOS,-0.15053,-0.06033,0.0902,0.0157,-0.430968,0.29694,1069.765515
NASVUA,-0.15327,-0.07319,0.08008,0.0009,-0.310735,0.27373,752.060749
NASWAH,-0.15117,-0.05986,0.09131,0.0186,-0.369908,0.27138,976.68635
NAWFUP,-0.11587,-0.06723,0.04864,3.2643,-0.104691,0.87991,311.285958
NAZROW,-0.13737,-0.05759,0.07978,8.8271,-0.10312,0.24389,263.921047
NAZRUC,-0.13842,-0.05974,0.07868,9.4499,-0.104706,0.23444,270.367478
NEFSIA,-0.14818,-0.07334,0.07484,14.5843,-0.089929,0.33633,265.268568
NEGYEG,-0.28245,-0.22275,0.0597,2.0553,-0.10673,0.61754,296.753548
NEGYUW,-0.28247,-0.22279,0.05968,2.0542,-0.106713,0.61788,296.753053
NEHNOG,-0.28251,-0.22282,0.05969,2.0582,-0.106697,0.61716,296.753357
NEHWAB,-0.28241,-0.22271,0.0597,2.0554,-0.106733,0.61698,296.75495
NERFUO,-0.17731,-0.1592,0.01811,0.0646,-0.22248,0.8716,555.449551
NERYIU,-0.18007,-0.09844,0.08163,0.0353,-0.069205,0.62963,257.079759
NETGEA,-0.14738,-0.06235,0.08503,0.0016,-0.163407,0.27244,447.431921
NETJON,-0.17194,-0.06434,0.1076,0.0062,-0.27544,0.28626,674.195291
NIBRBQ,-0.16624,-0.11836,0.04788,8.5248,-0.074153,0.42303,271.14471
NIDMOE,-0.13805,-0.09664,0.04141,8.7172,-0.159529,0.83973,413.826797
NIDMUK,-0.11541,-0.06918,0.04623,8.0945,-0.18389,0.71047,476.797437
NIDNEV,-0.0103,0.06639,0.07669,10.6373,-0.150958,0.22537,372.280534
NILLIE,-0.17511,-0.11205,0.06306,0.0144,-0.07513,0.63145,279.342252
NIPLUU,-0.15432,-0.09109,0.06323,14.7635,-0.098822,0.24842,302.929807
NIPMEF,-0.14983,-0.09739,0.05244,2.5784,-0.084626,0.31462,269.696817
NIQCOH,-0.34823,-0.21025,0.13798,5.6731,-0.105834,1.55274,314.513003
NIWCIG,-0.18157,-0.05985,0.12172,0.0005,-0.075799,0.63281,302.521423
NOCJOE,-0.18272,-0.1028,0.07992,8.1066,-0.124804,0.71989,368.781625
NOCSIH,-0.19334,-0.1548,0.03854,12.702,-0.119658,-0.10223,406.646555
NOLGAZ,-0.17639,-0.12202,0.05437,0.0115,-0.114506,0.6342,430.423932
NOMHEC,-0.14087,-0.13485,0.00602,0.2278,-0.090499,0.63503,275.409965
NOSHUA,-0.1677,-0.12751,0.04019,0.713,-0.150117,0.79757,526.200922
NOWBIK,-0.18665,-0.15687,0.02978,4.7637,-0.165981,0.42586,524.061326
NUGTAK,-0.14812,-0.11184,0.03628,2.3784,-0.188347,0.55967,509.552168
NUKMIR,-0.15895,-0.10309,0.05586,6.1841,-0.092924,0.45326,277.056134
NUKMUD,-0.15806,-0.10635,0.05171,6.829,-0.094807,0.44847,288.67467
NUKNOY,-0.15904,-0.10388,0.05516,6.5913,-0.100726,0.45636,296.836914
NUMBEC,-0.15158,-0.07402,0.07756,14.7333,-0.096321,0.35306,276.865261
NUQBUW,-0.20285,-0.13184,0.07101,9.3426,-0.042005,0.61753,155.737728
NUSMOE,-0.08393,-0.05081,0.03312,13.6989,-0.086827,-0.56703,307.549634
NUSZUX,-0.15426,-0.06376,0.0905,1.8202,-0.130326,0.46083,352.993366
NUTBAG,-0.15168,-0.0748,0.07688,3.1365,-0.133183,0.47533,368.505929
NUTBEK,-0.14521,-0.10616,0.03905,6.7714,-0.105864,0.4785,303.65715
NUTBIO,-0.14107,-0.10612,0.03495,6.5446,-0.125376,0.49833,343.513383
NUTBOU,-0.14265,-0.09829,0.04436,5.7239,-0.103273,0.51232,290.619752
NUTBUA,-0.13887,-0.09536,0.04351,5.7491,-0.12258,0.49976,330.600791
NUYFET,-0.16025,-0.06315,0.0971,2.1411,-0.095466,0.67879,288.120706
NUYFEU,-0.16106,-0.06793,0.09313,0.62,-0.178257,0.43272,503.54446
NUYGAR,-0.15305,-0.07259,0.08046,1.7871,-0.183119,0.4287,559.480577
NUYGUL,-0.1577,-0.0658,0.0919,2.5463,-0.139665,0.42607,411.17413
OBOSED,-0.20014,-0.1191,0.08104,2.4271,-0.113222,0.70317,337.584319
OCESIZ,-0.2964,-0.20074,0.09566,11.0737,-0.060853,0.68889,215.585303
OCOBAM,-0.15389,-0.09801,0.05588,9.6689,-0.131321,0.40926,405.482826
ODESOG,-0.09302,-0.03578,0.05724,0.0242,-0.105138,0.64751,342.799405
ODUXIX,-0.12648,-0.06164,0.06484,7.5622,-0.249636,0.66147,581.140471
OFOCOD,-0.18146,-0.13963,0.04183,0.0061,-0.089976,-0.10406,334.575499
OGEVUS,-0.16384,-0.07075,0.09309,4.2839,-0.138217,0.26157,337.79881
OGOREJ,-0.16258,-0.10983,0.05275,3.3528,-0.149626,0.66222,451.804252
OGOROT,-0.17591,-0.11582,0.06009,0.0366,-0.080178,0.63339,292.774086
OHIJIA,-0.1853,-0.14463,0.04067,0.0019,-0.065098,-0.09982,267.455105
OHUBAV,-0.13772,-0.07312,0.0646,0.0013,-0.15845,0.68234,480.545457
OJADUA,-0.15838,-0.13801,0.02037,0.5678,-0.203151,0.87689,596.67547
OJAPAQ,-0.19235,-0.08407,0.10828,3.1962,-0.247833,-0.47989,590.001446
OJIVUY,-0.14057,-0.0912,0.04937,0.052,-0.114238,0.34889,366.342041
OKAXUT,-0.14501,-0.09704,0.04797,4.089,-0.129446,0.46103,341.747133
OKAYAA,-0.14705,-0.0959,0.05115,3.941,-0.14608,0.50198,376.628912
OKISUW,-0.17089,-0.11792,0.05297,2.3888,-0.18315,-0.33976,421.475737
OKUNOZ,-0.12965,-0.08316,0.04649,3.1067,-0.151041,0.74607,435.620187
OLIBES,-0.16859,-0.10034,0.06825,0.7763,-0.178181,0.52884,494.65237
OMAHOZ,-0.13934,-0.12294,0.0164,0.0758,-0.130674,0.80966,367.940004
ONAXUY,-0.15598,-0.0912,0.06478,4.6643,-0.148385,0.45235,423.296904
ONUHIQ,-0.19846,-0.16892,0.02954,1.9313,-0.139051,0.89273,446.724601
OQILUX,-0.17982,-0.13917,0.04065,0.044,-0.084272,-0.09671,313.557963
OSELOO,-0.13411,-0.08341,0.0507,9.6785,-0.1874,-0.00213,479.799363
OSUBOU,-0.03725,0.03084,0.06809,2.5599,-0.137254,0.88882,391.754711
OSUBUA,-0.04687,0.05556,0.10243,6.2199,-0.134701,0.8946,394.549229
OTAGIB,-0.15722,-0.06389,0.09333,12.6737,-0.097452,-0.06982,286.432523
OTAGUN,-0.19683,-0.0828,0.11403,14.3668,-0.096658,-0.06702,285.934751
OTUSUS,-0.15863,-0.01419,0.14444,1.8669,-0.168269,0.05853,436.493104
OVEVAN,-0.22623,-0.17331,0.05292,4.0736,-0.197916,0.85222,561.460469
PACQAM,-0.12468,-0.08483,0.03985,0.0018,-0.205556,0.22827,554.617487
PACQEQ,-0.13039,-0.09148,0.03891,0.0014,-0.333047,0.2224,818.894125
PAGJUC,-0.15572,-0.06612,0.0896,0.0005,-0.150197,0.74056,369.257808
PANNEX,-0.18327,-0.07486,0.10841,1.0631,-0.092387,0.73708,292.22128
PARFEV,-0.1536,-0.05641,0.09719,1.0385,-0.199876,0.68215,600.799198
PARFIZ,-0.15471,-0.05673,0.09798,2.4616,-0.19756,0.68215,577.566339
PAXVAM,-0.16187,-0.12967,0.0322,7.3502,-0.07278,0.0701,242.837161
PAXVEQ,-0.16072,-0.12719,0.03353,8.6299,-0.091815,0.08674,305.403502
PAYZUN,-0.15232,-0.10615,0.04617,0.3617,-0.099594,0.65943,321.905743
PAZBAW,-0.16435,-0.11554,0.04881,10.3086,-0.062168,0.67046,233.307341
PAZBUQ,-0.34508,-0.2356,0.10948,0.0156,-0.106613,0.37789,312.663302
PAZGIJ,-0.17699,-0.11191,0.06508,8.0719,-0.104776,0.78035,304.862735
PETHON,-0.3022,-0.14628,0.15592,9.2635,-0.07538,1.11932,234.125768
PEVJUY,-0.1375,-0.07154,0.06596,6.6283,-0.169751,-0.30428,480.453689
PEVKEJ,-0.14243,-0.07345,0.06898,6.6136,-0.207089,-0.2892,615.60997
PEVKIN,-0.14224,-0.06734,0.0749,6.8526,-0.206856,-0.2985,615.589414
PEXNAH,-0.23702,-0.17626,0.06076,7.3675,-0.075186,0.74285,228.737504
PIVVEY,-0.15486,-0.05699,0.09787,2.4402,-0.264393,0.68316,764.254616
PIXMIV,-0.16767,-0.07165,0.09602,8.8681,-0.13982,0.59327,386.285407
PIZMUG,-0.16236,-0.12639,0.03597,3.858,-0.132228,0.64918,427.516107
POBBAM,-0.15255,-0.05893,0.09362,4.9608,-0.165367,-0.19752,395.53395
POBBIU,-0.15526,-0.08176,0.0735,4.0706,-0.173002,-0.16658,426.761081
POHKIG,-0.04248,0.01404,0.05652,2.4093,-0.059595,0.67066,211.305434
POHLON,-0.17696,-0.12919,0.04777,10.9159,-0.110055,0.24239,350.844848
POKNAF,-0.11586,-0.08017,0.03569,0.0181,-0.118481,0.1454,378.741229
PORXAX,-0.21798,-0.14202,0.07596,0.0126,-0.114535,0.58148,354.491344
POSRAQ,-0.12449,-0.11881,0.00568,1.311,-0.141399,0.87733,372.076501
POVBUA,-0.1467,-0.09489,0.05181,3.9944,-0.12001,0.70183,391.265669
PUCFUQ,-0.17771,-0.08973,0.08798,2.7365,-0.129822,0.06875,361.943722
PUCHOL,-0.14787,-0.09203,0.05584,2.0499,-0.270154,0.93553,607.203582
PUHJUZ,-0.18683,-0.12102,0.06581,11.0989,-0.103965,0.39794,341.150577
PUHKEK,-0.17555,-0.11404,0.06151,16.136,-0.134684,0.40897,408.969957
PUQNUM,-0.25626,-0.13666,0.1196,0.2647,-0.131846,0.14481,442.069206
PURCUA,-0.14607,-0.07033,0.07574,1.603,-0.091462,0.72459,248.508584
PUVDOB,-0.14053,-0.06214,0.07839,6.1771,-0.159564,0.2965,381.385324
PUVDUH,-0.13933,-0.07135,0.06798,5.7971,-0.154133,0.31949,381.376151
PUVFAP,-0.14158,-0.07593,0.06565,5.3236,-0.203702,0.53019,474.233906
PUVFET,-0.14128,-0.07459,0.06669,5.0959,-0.246481,0.52997,542.717007
QADFAF,-0.28245,-0.22109,0.06136,5.217,-0.119938,0.67337,320.45606
QADFEJ,-0.28243,-0.22103,0.0614,5.2135,-0.119991,0.67188,320.454095
QADFOT,-0.28249,-0.22108,0.06141,5.2283,-0.120025,0.67116,320.454526
QAHQAT,-0.30524,-0.20585,0.09939,8.2554,-0.047636,0.69372,175.623116
QAHVIE,-0.14658,-0.087,0.05958,0.0075,-0.135839,0.40422,420.087632
QAKCOX,-0.12953,-0.08379,0.04574,1.6958,-0.133038,0.63258,442.798041
QAKCUD,-0.1299,-0.0842,0.0457,1.6311,-0.133094,0.62815,442.793717
QAMDOA,-0.15636,-0.11663,0.03973,11.791,-0.16655,0.24728,510.128621
QANLEW,-0.14264,-0.13907,0.00357,3.0765,-0.287653,1.16084,719.613471
QAQREI,-0.15558,-0.09919,0.05639,10.1044,-0.132619,0.40655,418.664465
QAQVOU,-0.19431,-0.1607,0.03361,2.9996,-0.297971,0.87154,808.529777
QAVNEJ,-0.15177,-0.07207,0.0797,2.8834,-0.1682,0.77473,441.400787
QAYMAE,-0.15625,-0.09268,0.06357,12.7261,-0.073459,-0.56573,249.35762
QEDCIO,-0.15655,-0.09877,0.05778,5.7468,-0.078996,0.51569,271.185225
QEJVUW,-0.15487,-0.00015,0.15472,8.6397,-0.171097,1.29805,422.496791
QEKFAP,-0.12723,-0.07639,0.05084,0.0048,-0.323098,0.74052,805.298697
QEKFET,-0.12339,-0.07337,0.05002,0.0034,-0.312736,0.6325,818.259853
QELPAB,-0.21219,-0.0924,0.11979,7.0788,-0.100234,1.16409,349.614156
QETJAB,-0.15125,-0.09576,0.05549,1.8131,-0.111236,0.38072,323.393598
QEVQAK,-0.16473,-0.12752,0.03721,0.1441,-0.206428,0.8756,559.96997
QIDJET,-0.18835,-0.10102,0.08733,14.5461,-0.120372,0.2669,364.128634
QIDJIX,-0.18835,-0.10107,0.08728,14.6015,-0.120349,0.26728,364.128258
QIJLUT,-0.1721,-0.09822,0.07388,0.0014,-0.331078,1.20823,906.724506
QILBAO,-0.09441,-0.04728,0.04713,2.376,-0.116666,0.65357,388.863157
QIPVOC,-0.14808,-0.05376,0.09432,7.2657,-0.177388,0.65709,536.86249
QOBMUQ,-0.29763,-0.25707,0.04056,9.5884,-0.137028,0.90587,352.892851
QOCJIC,-0.1555,-0.14313,0.01237,2.6502,-0.251554,1.19219,626.073066
QOCNOL,-0.15875,-0.13459,0.02416,0.0101,-0.111769,-0.0353,439.868772
QOFFUM,-0.22272,-0.17077,0.05195,0.3112,-0.077351,-0.10786,294.406546
QOFJEA,-0.15319,-0.1429,0.01029,2.7182,-0.141851,0.52476,373.858844
QOFJIE,-0.1641,-0.15102,0.01308,5.9546,-0.140554,1.02694,364.883076
QOGPOS,-0.17502,-0.11199,0.06303,0.0081,-0.075087,0.63259,279.343314
QOHWAM,-0.10524,-0.06591,0.03933,0.0006,-0.116972,0.24095,379.836037
QOHWEQ,-0.10522,-0.06595,0.03927,0.0004,-0.116954,0.24206,379.835121
QOJZUN,-0.16513,-0.06705,0.09808,0.0153,-0.085599,0.62526,299.369747
QOMDAY,-0.14947,-0.08949,0.05998,0.2818,-0.11225,0.33083,335.039173
QOMQOZ,-0.3077,-0.22448,0.08322,5.8563,-0.098043,0.71633,297.758415
QOQQUJ,-0.1384,-0.04969,0.08871,0.8307,-0.120009,0.45071,367.332389
QOVKIW,-0.04938,0.01587,0.06525,5.3338,-0.170661,0.4633,511.228723
QOXZAG,-0.30226,-0.22509,0.07717,0.9268,-0.110652,0.65862,310.495238
QOXZEK,-0.29932,-0.21724,0.08208,0.0151,-0.12346,0.63466,333.738675
QOYGAN,-0.16221,-0.1377,0.02451,0.0035,-0.115759,-0.03244,467.039663
QUCJOP,-0.17464,-0.11059,0.06405,7.4631,-0.153738,0.42995,423.42174
QUHWAT,-0.15086,-0.06879,0.08207,12.8522,-0.107156,0.38999,300.170215
QUNHUE,-0.19286,-0.07867,0.11419,12.5829,-0.085455,1.13996,311.874176
QUNYAA,-0.16517,-0.11147,0.0537,10.2127,-0.135922,0.24954,423.230655
QUNYEE,-0.16521,-0.11135,0.05386,10.1481,-0.136032,0.25122,423.2428
QUQNAT,-0.16069,-0.11267,0.04802,14.5327,-0.158655,0.22152,448.919135
QUWBAN,-0.1862,-0.15375,0.03245,2.383,-0.16802,0.87542,534.976413
QUWGOG,-0.1757,-0.11188,0.06382,0.1316,-0.099624,0.61901,342.277118
QUWTEJ,-0.1588,-0.07556,0.08324,7.8802,-0.250414,0.46531,695.067081
RADCUW,-0.1674,-0.08571,0.08169,5.1701,-0.100649,0.41418,337.453476
RADDAD,-0.1616,-0.08112,0.08048,5.4095,-0.111592,0.40365,360.420404
RADDOR,-0.17228,-0.09058,0.0817,8.1816,-0.117937,0.34229,381.381511
RADFAF,-0.17421,-0.09388,0.08033,7.5435,-0.153516,0.34602,483.647082
RAKQUQ,-0.16194,-0.07131,0.09063,15.4082,-0.121702,0.50165,352.175378
RALWAD,-0.25182,-0.19963,0.05219,8.3446,-0.136424,0.71925,363.455637
RAPZAL,-0.10283,-0.04468,0.05815,14.4753,-0.124233,0.76532,366.460166
RATLOQ,-0.16474,-0.15347,0.01127,1.0398,-0.263805,1.64175,649.755648
RECVUT,-0.1669,-0.08675,0.08015,2.5005,-0.089404,0.07082,245.133078
RECZEG,-0.29358,-0.22109,0.07249,1.2693,-0.148295,0.35816,443.42107
RESKOR,-0.13933,-0.05794,0.08139,0.0032,-0.097082,0.48662,284.57746
RESZOF,-0.14975,-0.08325,0.0665,4.224,-0.171189,-0.36353,423.071839
RESZUL,-0.10849,-0.05026,0.05823,5.5268,-0.207935,0.49833,491.610804
RETTIU,-0.27023,-0.21238,0.05785,2.1086,-0.119455,0.60171,329.784165
RETTOA,-0.27682,-0.20939,0.06743,5.6094,-0.101062,0.62573,306.805194
REYFEG,-0.18331,-0.1428,0.04051,0.0204,-0.104809,-0.10204,392.68695
RINCAS,-0.16475,-0.13373,0.03102,0.3381,-0.126507,0.87614,387.853472
RIRBOL,-0.14551,-0.05999,0.08552,8.8611,-0.10759,0.15822,284.389464
RIRBUR,-0.15403,-0.07878,0.07525,14.1203,-0.117533,0.31216,325.840582
RISWIC,-0.16707,-0.12287,0.0442,0.0188,-0.074571,-0.00081,263.921793
ROJRIU,-0.19677,-0.06206,0.13471,3.735,-0.153342,-0.34877,399.8918
ROJRUG,-0.174,-0.08238,0.09162,2.2175,-0.11141,0.61929,303.248245
ROKGUV,-0.12298,-0.03345,0.08953,2.1788,-0.302298,0.19717,689.559797
ROKHAC,-0.12024,-0.03234,0.0879,3.0308,-0.277975,0.16307,638.427694
ROKHEG,-0.12025,-0.03224,0.08801,3.0374,-0.277939,0.16187,638.42775
RONPIT,-0.16166,-0.11661,0.04505,14.3522,-0.17048,0.21931,504.366096
RUFFUV,-0.26963,-0.19864,0.07099,10.8979,-0.117581,0.8344,347.160881
RUTBEP,-0.20807,-0.06248,0.14559,2.0169,-0.331538,-1.61386,792.004035
RUWLEB,-0.1546,-0.07539,0.07921,4.6127,-0.07328,0.37536,230.884441
RUWLIF,-0.13447,-0.05983,0.07464,1.2594,-0.074793,0.48395,230.947617
RUXCEU,-0.16546,-0.05176,0.1137,5.0629,-0.421312,1.61661,950.948369
RUZXUF,-0.10237,-0.00954,0.09283,0.0018,-0.201198,0.03472,503.278891
RUZYAM,-0.09407,-0.05951,0.03456,0.0012,-0.203928,0.22534,524.861615
SADNUI,-0.13364,-0.10032,0.03332,4.3903,-0.137475,0.5289,384.820048
SAGMUJ,-0.17844,-0.12229,0.05615,5.955,-0.084984,0.70261,296.20709
SAGXON,-0.30525,-0.2059,0.09935,8.2537,-0.047635,0.69383,175.62354
SAKWIM,-0.14233,-0.08549,0.05684,2.9916,-0.222636,0.89768,501.634553
SAKWOS,-0.12943,-0.083,0.04643,4.6457,-0.196352,0.91183,448.986112
SAPYUF,-0.13177,-0.08318,0.04859,1.1029,-0.217408,0.48368,506.42759
SAPZAM,-0.12887,-0.08773,0.04114,0.9215,-0.206906,0.47502,493.406714
SAQMAY,-0.20478,-0.17781,0.02697,10.7866,-0.086357,0.87659,298.17407
SATQUB,-0.26915,-0.18599,0.08316,5.9463,-0.107388,0.68506,321.414284
SATRAI,-0.29694,-0.19913,0.09781,6.7581,-0.079485,0.70861,265.874658
SATROW,-0.26779,-0.18429,0.0835,5.8991,-0.105573,0.6816,309.960648
SEFTON,-0.1524,-0.14866,0.00374,0.6678,-0.193823,1.21378,587.648169
SESNAH,-0.12959,-0.08494,0.04465,5.0946,-0.102379,0.67201,281.756313
SESNEM,-0.1727,-0.09311,0.07959,24.1802,-0.096574,0.35562,308.835061
SEVDAY,0.01746,0.06435,0.04689,4.4535,-0.055213,0.52938,182.195855
SEYDAD,-0.16587,-0.08402,0.08185,0.0059,-0.266874,0.29118,723.517753
SEYDUX,-0.16189,-0.0724,0.08949,0.0083,-0.25927,0.2806,708.093248
SEZKOZ,-0.1383,-0.07459,0.06371,0.3628,-0.179105,0.66044,600.633993
SEZKUF,-0.12297,-0.07465,0.04832,2.787,-0.182085,0.62729,603.025444
SICWOR,-0.17506,-0.13147,0.04359,2.3628,-0.133946,-0.10829,468.077283
SINJAA,-0.17206,-0.13343,0.03863,0.0,-0.066618,-0.07215,277.179963
SITNUG,-0.14743,-0.09144,0.05599,0.0033,-0.185297,0.34774,552.437757
SIXQOI,-0.16719,-0.11723,0.04996,3.8653,-0.198461,0.88583,536.390537
SIXRAV,-0.15928,-0.07435,0.08493,5.0553,-0.239751,0.62171,611.456414
SIXREZ,-0.16855,-0.10533,0.06322,1.1755,-0.429536,0.88071,966.145887
SIZVAZ,-0.13302,-0.04706,0.08596,2.1694,-0.126586,0.43602,390.7507
SIZVED,-0.16114,-0.0667,0.09444,7.9509,-0.09626,0.66105,296.352974
SIZVIH,-0.13751,-0.05274,0.08477,1.3021,-0.1197,0.43546,357.668718
SIZVON,-0.13643,-0.04866,0.08777,1.8486,-0.134519,0.51117,390.194452
SOQCAE,-0.16129,-0.12227,0.03902,3.5592,-0.139413,-0.37164,344.677416
SOQLOZ,-0.15276,-0.04367,0.10909,3.375,-0.206498,-0.44169,500.935001
SORZEG,-0.15998,-0.07439,0.08559,7.5816,-0.15144,-0.58213,359.937485
SOSGEN,-0.1408,-0.09091,0.04989,0.0834,-0.114484,0.35184,366.339182
SUBKUX,-0.03721,-0.01436,0.02285,0.0069,-0.11054,0.27025,312.332695
SUHZAX,-0.24982,-0.20916,0.04066,11.7421,-0.190482,0.71174,458.378564
SUMBIN,-0.18364,-0.09593,0.08771,4.0152,-0.146336,0.33572,400.947937
SUNPOI,-0.14463,-0.07271,0.07192,3.7145,-0.188189,0.23943,445.941445
SUPHUH,-0.14617,-0.08963,0.05654,6.6695,-0.125916,0.40875,381.338654
SUVREI,-0.13124,-0.08266,0.04858,3.2725,-0.105789,0.51964,300.527938
SUVROS,-0.17545,-0.11711,0.05834,4.3868,-0.076788,0.58085,237.200078
SUXLON,-0.21758,-0.1278,0.08978,7.1395,-0.052861,0.40809,211.611622
TAFWII,-0.14192,-0.09584,0.04608,6.1375,-0.093983,0.48394,280.484271
TAKXIM,-0.18621,-0.14369,0.04252,0.944,-0.076691,-0.1078,290.52604
TARVAJ,-0.15617,-0.06022,0.09595,0.006,-0.177261,0.75317,415.690027
TATXET,-0.18704,-0.13583,0.05121,4.5365,-0.16006,0.77655,471.024732
TATZIX,-0.12804,-0.09326,0.03478,22.2003,-0.074323,0.60748,230.903598
TAWFED,-0.14562,-0.07434,0.07128,15.4909,-0.115617,0.28346,340.097865
TEBKIW,-0.02288,0.04754,0.07042,6.9436,-0.085707,0.54782,287.30447
TEBKOC,-0.04191,0.03421,0.07612,7.7518,-0.079206,0.41397,254.861366
TEBLAP,-0.04218,0.03551,0.07769,9.3547,-0.090522,0.66379,307.895029
TEBRUP,-0.15688,-0.06032,0.09656,6.0481,-0.093114,0.67167,294.577398
TESJUY,-0.23015,-0.19325,0.0369,4.4857,-0.080171,0.84823,229.555586
TEXWIC,-0.17573,-0.05295,0.12278,5.1548,-0.113979,-0.53257,342.926459
TIJFOK,-0.04264,0.01465,0.05729,1.6604,-0.197873,0.74767,522.81997
TINDUQ,-0.166,-0.14008,0.02592,0.0022,-0.11489,-0.03408,460.901736
TIQQUH,-0.14709,-0.06536,0.08173,17.4939,-0.174432,0.27375,410.185696
TISDOO,-0.17264,-0.14721,0.02543,2.1741,-0.198057,0.50741,591.872767
TIVNUJ,-0.28474,-0.21142,0.07332,6.0432,-0.086158,0.64397,219.435143
TOKYIB,-0.19939,-0.05192,0.14747,3.2494,-0.168413,0.99131,409.366995
TOMHIN,-0.2071,-0.13648,0.07062,6.7188,-0.096285,0.58133,306.194094
TOPKEO,-0.29209,-0.25966,0.03243,1.7219,-0.179487,0.45977,490.764251
TOQPIA,-0.13456,-0.05275,0.08181,2.2758,-0.164787,0.45904,497.479208
TOXDIV,-0.18016,-0.11374,0.06642,7.9674,-0.085581,1.14493,283.870995
TTRPNI,-0.17084,-0.10524,0.0656,0.0007,-0.061992,-0.06044,254.078942
TUBTOZ,-0.13981,-0.06129,0.07852,0.3148,-0.05587,0.67096,200.238274
TUBTUF,-0.1101,-0.06271,0.04739,1.0628,-0.08642,0.63497,267.816606
TUTKIC,-0.14764,-0.06753,0.08011,7.3002,-0.035486,0.37048,136.430519
UBEXOR,-0.19393,-0.14637,0.04756,0.0216,-0.109004,-0.05071,365.459211
UBUBOL,-0.17466,-0.12349,0.05117,0.3197,-0.118897,0.66544,401.91888
UCIBEP,-0.20738,-0.096,0.11138,11.4318,-0.174816,1.65707,515.05353
UCIBIT,-0.20762,-0.09793,0.10969,11.9267,-0.181926,1.65879,532.381807
UCUPOX,-0.17242,-0.11949,0.05293,5.2996,-0.073156,0.47993,227.277347
UCUPUD,-0.17531,-0.12656,0.04875,5.9636,-0.074714,0.46183,240.198428
UCUQAK,-0.16927,-0.12526,0.04401,4.2924,-0.069372,0.36109,222.735887
UCUQUE,-0.17085,-0.15572,0.01513,6.0108,-0.173188,0.69698,437.864642
UDABAC,-0.17752,-0.11545,0.06207,6.6566,-0.128319,0.68004,401.888028
UDOQOT,-0.29382,-0.24128,0.05254,2.038,-0.17768,0.43088,467.389243
UGUBAZ,-0.19021,-0.17021,0.02,0.0228,-0.142355,0.00912,478.012011
UJOVOG,-0.17151,-0.1183,0.05321,8.8707,-0.181257,0.08154,509.842892
UJOVUM,-0.17157,-0.11598,0.05559,8.9737,-0.178607,0.11334,497.987932
UKALOI,-0.07113,-0.02797,0.04316,15.146,-0.096217,0.06139,292.623835
UKASOP,-0.11525,-0.0627,0.05255,3.2402,-0.206788,0.01638,490.011825
UKEDUK,-0.14288,-0.0995,0.04338,0.001,-0.133734,-1.35932,353.486643
ULOVEY,-0.14765,-0.08147,0.06618,6.069,-0.151368,0.48392,370.047807
ULOXUQ,-0.15679,-0.10546,0.05133,7.4037,-0.16081,0.43412,376.24338
UQUFES,-0.13094,-0.05837,0.07257,0.0032,-0.086665,0.78379,304.223857
UVIQEW,-0.27328,-0.21468,0.0586,4.7298,-0.108737,0.85234,282.414537
UVIQIA,-0.27332,-0.21464,0.05868,4.7384,-0.108748,0.8525,282.414126
VABTOH,-0.13869,-0.06977,0.06892,5.4628,-0.160406,0.13992,408.704136
VAJMEA,-0.18991,-0.15723,0.03268,0.8057,-0.134368,0.88477,440.348363
VANCIW,-0.13726,-0.07411,0.06315,0.1439,-0.178747,0.65925,600.641167
VASYOF,-0.14594,-0.08661,0.05933,0.8336,-0.119805,0.33246,358.00787
VASYUL,-0.15011,-0.08882,0.06129,0.8955,-0.123986,0.34589,357.981378
VASZEW,-0.14981,-0.0912,0.05861,0.6026,-0.141306,0.33938,415.039265
VAWYEX,-0.15957,-0.06509,0.09448,3.1473,-0.150492,0.37213,370.588372
VAXVEV,-0.14811,-0.12839,0.01972,1.7446,-0.127197,0.6393,427.351847
VEJXIR,-0.14022,-0.08701,0.05321,4.1424,-0.239606,0.71032,647.104841
VEJXOX,-0.12877,-0.06807,0.0607,2.3249,-0.188284,0.62965,538.472324
VETXUN,-0.29591,-0.24593,0.04998,0.6528,-0.158215,0.43043,433.462203
VEWCIK,-0.14305,-0.07685,0.0662,0.0601,-0.189109,0.81475,520.002111
VILBOK,-0.19382,-0.09104,0.10278,8.8634,-0.060611,1.16757,212.21475
VIWCUB,-0.14054,-0.13656,0.00398,0.459,-0.183326,0.80522,559.175097
VIYHOB,-0.16636,-0.07891,0.08745,4.5568,-0.187972,0.01158,480.863911
VOBZIV,-0.18242,-0.13253,0.04989,6.433,-0.062428,-1.50626,231.858207
VOFKUZ,-0.14413,-0.11904,0.02509,3.3437,-0.165125,0.55723,417.316294
VOFLEK,-0.18628,-0.09547,0.09081,4.7819,-0.169653,0.82467,422.612903
VOGFIG,-0.17502,-0.1032,0.07182,5.5943,-0.056951,0.97926,185.629345
WAHKEX,-0.14982,-0.07489,0.07493,15.1741,-0.109372,0.3561,314.146035
WARDIC,-0.13751,-0.05327,0.08424,13.3497,-0.083529,0.2597,243.952926
WARHIH,-0.14093,-0.08542,0.05551,0.0072,-0.33871,0.93555,751.9458
WARHUT,-0.1574,-0.11592,0.04148,0.1848,-0.335631,0.81996,723.421062
WARJEF,-0.16593,-0.07362,0.09231,0.0045,-0.334785,0.74264,744.380931
WARJIJ,-0.15024,-0.11459,0.03565,0.8575,-0.271961,0.82368,629.799414
WATJEJ,-0.16039,-0.12031,0.04008,14.3487,-0.171822,0.20264,552.086169
WATVUL,-0.09811,-0.06502,0.03309,1.9054,-0.072131,0.56602,224.418206
WAZDIK,-0.17575,-0.14224,0.03351,6.304,-0.106488,0.56635,347.361898
WEHZER,-0.12229,-0.01966,0.10263,5.772,-0.093372,0.39707,238.440029
WEQZIC,-0.19475,-0.14202,0.05273,8.3431,-0.069818,0.6112,237.181384
WEVDEJ,-0.21862,-0.1028,0.11582,13.7742,-0.063984,0.73179,219.818524
WEWQOH,-0.12511,-0.1053,0.01981,0.0108,-0.062043,-0.01238,207.78122
WIDGOG,-0.17367,-0.11448,0.05919,7.6661,-0.132245,0.4469,364.576032
WIDGUM,-0.19627,-0.11236,0.08391,3.9741,-0.120885,0.90941,361.620515
WIDHAT,-0.17647,-0.08887,0.0876,1.604,-0.158718,0.54993,395.35305
WIFZUG,-0.14705,-0.09214,0.05491,0.3834,-0.20132,0.3241,672.653494
WIJJAB,-0.10691,-0.08278,0.02413,3.9273,-0.125217,0.55242,411.565807
WIJLAE,-0.14237,-0.1143,0.02807,0.0513,-0.11041,0.30329,393.100086
WIJLEI,-0.1442,-0.11544,0.02876,0.0414,-0.10996,0.31402,393.007941
WIMKEK,-0.18172,-0.13149,0.05023,5.2568,-0.08651,0.98798,275.164639
WIMQIU,-0.25687,-0.17391,0.08296,0.7415,-0.152529,0.55663,400.524985
WIQGEL,-0.26881,-0.21229,0.05652,7.5074,-0.172802,0.71039,450.09103
WIVDUB,-0.15403,-0.0981,0.05593,5.278,-0.05043,0.78109,177.139288
WIVFAJ,-0.15396,-0.09803,0.05593,5.268,-0.050422,0.78188,177.140032
WIXCIQ,-0.1399,-0.05332,0.08658,3.1907,-0.147934,0.43916,426.605472
WIXCOW,-0.16223,-0.06909,0.09314,3.9858,-0.125679,0.48176,361.158229
WOJVEX,-0.15566,-0.06867,0.08699,3.0763,-0.170959,0.42917,519.540513
WOJVIB,-0.15948,-0.07168,0.0878,3.8293,-0.163639,0.4223,486.497534
WOMJOA,-0.28502,-0.20097,0.08405,8.7458,-0.052834,0.68928,192.194123
WOMJUG,-0.27391,-0.18137,0.09254,6.2067,-0.08212,0.6916,284.693594
WOQFEQ,-0.16515,-0.09647,0.06868,12.115,-0.121196,0.73956,388.473927
WOYCEU,-0.18071,-0.0894,0.09131,0.4509,-0.277161,0.28906,759.385209
WOYCIY,-0.17587,-0.08908,0.08679,0.0119,-0.267901,0.26075,770.651805
WOYCOE,-0.14611,-0.06012,0.08599,0.0074,-0.421306,0.25623,1081.204921
WOYDEV,-0.14859,-0.06193,0.08666,0.0148,-0.413577,0.2655,1081.100759
WOYDOF,-0.17449,-0.08729,0.0872,0.0341,-0.234323,0.28608,624.259343
WOZSAF,-0.13815,-0.13302,0.00513,0.4859,-0.253428,1.13344,708.757859
WOZSEJ,-0.15864,-0.15396,0.00468,17.9455,-0.12548,1.13478,416.147244
WUCLAJ,-0.17205,-0.10127,0.07078,4.8652,-0.142216,0.41447,398.501438
WUCQOC,-0.16953,-0.12613,0.0434,6.6407,-0.166921,0.41887,478.335103
WUPPAZ,-0.14758,-0.09841,0.04917,0.0032,-0.162885,0.35534,501.101613
WUPPED,-0.14763,-0.09834,0.04929,0.0078,-0.162929,0.35661,501.100574
WUSWOX,-0.16296,-0.08041,0.08255,4.4834,-0.103473,0.41598,346.437022
WUXZIA,-0.12736,-0.08532,0.04204,3.1386,-0.132578,0.62419,442.76278
XAGBAI,-0.19908,-0.09598,0.1031,20.8882,-0.135263,0.99646,329.469019
XAGBIQ,-0.29448,-0.14622,0.14826,10.0966,-0.151836,0.4457,353.835194
XAGBOW,-0.16686,-0.01793,0.14893,14.3067,-0.159586,0.58235,362.191795
XARTIT,-0.17684,-0.1243,0.05254,7.6943,-0.246704,0.7983,660.708885
XAYVOJ,-0.15632,-0.07991,0.07641,3.8637,-0.073557,0.35507,205.630977
XAYVUP,-0.14924,-0.07982,0.06942,8.0489,-0.102894,0.40881,237.493995
XECNAU,-0.15956,-0.12835,0.03121,14.8358,-0.168887,0.30214,519.538675
XEJZER,-0.1393,-0.08518,0.05412,2.6464,-0.151741,0.23233,441.727048
XEJZIV,-0.15483,-0.09356,0.06127,0.0258,-0.337573,0.86372,845.856874
XEMFIH,-0.16779,-0.15564,0.01215,2.2534,-0.220699,0.89809,555.624175
XEZMEU,-0.17695,-0.08952,0.08743,2.8667,-0.083655,0.07089,236.834196
XIDSEI,-0.21005,-0.14977,0.06028,2.3189,-0.058416,0.90409,187.803341
XITQOG,-0.16931,-0.11247,0.05684,8.5133,-0.096644,0.65967,295.342365
XITQUM,-0.16903,-0.11236,0.05667,7.9124,-0.124089,0.6423,375.332431
XITRAT,-0.1655,-0.10012,0.06538,6.0229,-0.093335,0.59099,274.712072
XITREX,-0.16551,-0.10077,0.06474,5.292,-0.120819,0.57871,354.704947
XIVKAQ,-0.18539,-0.12091,0.06448,4.3214,-0.137926,0.80965,396.041312
XIVXAD,-0.28942,-0.23036,0.05906,8.2253,-0.11339,0.61358,334.672007
XIVYAE,-0.28942,-0.23038,0.05904,8.2252,-0.113376,0.61379,334.672128
XIVYUY,-0.28942,-0.23038,0.05904,8.2355,-0.113375,0.61391,334.672261
XIVZAF,-0.2894,-0.2304,0.059,8.2053,-0.113359,0.614,334.672515
XIWYUX,-0.33407,-0.20581,0.12826,4.7497,-0.080044,0.28063,201.548522
XOCXOE,-0.27032,-0.21236,0.05796,2.1016,-0.11949,0.60129,329.782909
XOCYAR,-0.27029,-0.21239,0.0579,2.1026,-0.119484,0.60165,329.784016
XOCYEV,-0.27042,-0.2125,0.05792,2.0932,-0.119481,0.60377,329.782465
XOCYIZ,-0.2686,-0.21106,0.05754,1.911,-0.12775,0.60411,352.961075
XOCYOF,-0.26858,-0.21107,0.05751,1.9139,-0.127769,0.60472,352.961702
XOCYUL,-0.26857,-0.21101,0.05756,1.9207,-0.127665,0.60225,352.960737
XOCZAS,-0.26843,-0.21089,0.05754,1.9238,-0.127676,0.60197,352.962029
XOCZEW,-0.26862,-0.21103,0.05759,1.912,-0.12774,0.60472,352.960849
XOCZIA,-0.26859,-0.21121,0.05738,1.9108,-0.127865,0.6091,352.960523
XOJVUO,-0.16319,-0.10056,0.06263,6.8356,-0.084797,0.77091,263.683894
XOMZAB,-0.13625,-0.0899,0.04635,0.6255,-0.143817,-0.06758,383.323373
XONDIQ,-0.28886,-0.22961,0.05925,6.2461,-0.112138,0.61161,321.399453
XONDOW,-0.28942,-0.23038,0.05904,8.2329,-0.113375,0.61405,334.672347
XOPGAM,-0.13504,-0.06871,0.06633,3.7112,-0.155031,0.65662,449.764893
XOSPEA,-0.18147,-0.15884,0.02263,0.4884,-0.072074,0.79748,238.166514
XOWNEC,-0.15396,-0.05761,0.09635,13.5953,-0.07882,0.26694,208.60424
XOZKEC,-0.28635,-0.23449,0.05186,4.2401,-0.116737,0.27696,345.86542
XOZZAO,-0.16057,-0.10075,0.05982,13.0578,-0.128259,0.25715,406.599221
XUKPEZ,-0.14747,-0.09101,0.05646,3.8225,-0.224666,0.32576,683.961242
XUNFUH,-0.06273,-0.04825,0.01448,15.7347,-0.06262,-0.17357,209.683825
XUYCOK,-0.16603,-0.09743,0.0686,6.5157,-0.134215,-0.37437,470.924619
XUYKUX,-0.22314,-0.17106,0.05208,0.0007,-0.077385,-0.10797,294.406738
YAJLAW,-0.14801,-0.0351,0.11291,4.9993,-0.102744,-0.18382,290.25239
YAJLEA,-0.14456,-0.03149,0.11307,5.1527,-0.099745,-0.29147,282.590969
YANLEG,-0.29536,-0.23782,0.05754,4.4665,-0.125701,0.61913,372.805545
YANLIK,-0.2954,-0.23791,0.05749,4.4426,-0.125695,0.61881,372.804931
YANLUW,-0.29525,-0.23796,0.05729,4.3709,-0.125614,0.61795,372.804713
YANWIT,-0.15982,-0.06985,0.08997,0.0,-0.066149,0.66203,259.82161
YAPGUS,-0.16501,-0.0722,0.09281,0.9364,-0.151982,0.37121,480.031517
YAPKAC,-0.27666,-0.18803,0.08863,4.5993,-0.108436,0.10583,336.148647
YAWSIZ,-0.14568,-0.08755,0.05813,2.4341,-0.170768,0.6382,512.702841
YECRII,-0.1663,-0.11426,0.05204,3.8174,-0.217166,0.86561,487.644312
YEDVAG,-0.2894,-0.23038,0.05902,8.2149,-0.113377,0.61316,334.671274
YEDVEK,-0.28942,-0.23041,0.05901,8.2298,-0.113352,0.61461,334.671567
YEDVIO,-0.28884,-0.22962,0.05922,6.2389,-0.112119,0.61152,321.400017
YEDVOU,-0.28879,-0.22964,0.05915,6.2196,-0.112086,0.61132,321.400153
YEDVUA,-0.29395,-0.23652,0.05743,3.4793,-0.121799,0.61114,346.323072
YEMNAI,-0.18625,-0.10493,0.08132,8.9554,-0.136473,0.54837,383.609414
YEQNUD,-0.19466,-0.1392,0.05546,0.0012,-0.046638,-0.11166,197.763662
YIDTOW,-0.14232,-0.08596,0.05636,0.0247,-0.186481,0.34159,559.751673
YIHJIL,-0.18647,-0.10867,0.0778,5.4888,-0.055481,0.80599,197.994273
YISDUZ,-0.16939,-0.13125,0.03814,0.0009,-0.113364,-0.07154,416.832329
YISFAH,-0.16583,-0.1274,0.03843,0.0093,-0.137444,-0.07334,510.080536
YIVCAH,-0.1957,-0.14254,0.05316,0.4625,-0.103737,-0.11494,370.02175
YIVCEL,-0.19573,-0.14316,0.05257,0.0098,-0.124233,-0.11286,406.286375
YOKZAC,-0.34756,-0.21887,0.12869,11.3177,-0.107283,0.70477,267.064265
YOPPOK,-0.15947,-0.08599,0.07348,0.0012,-0.267591,0.26725,735.170591
YOXHUP,-0.13818,-0.04913,0.08905,5.5657,-0.197616,0.40098,526.374692
YOYMUV,-0.1357,-0.0594,0.0763,0.0189,-0.104995,0.30013,322.769587
YOYNAC,-0.11422,-0.06384,0.05038,0.2106,-0.099899,0.71083,332.092097
YOYNIK,-0.09908,-0.04178,0.0573,0.842,-0.111692,0.27602,324.428552
YUFYUV,-0.23397,-0.11662,0.11735,0.0115,-0.18474,0.14241,628.385139
YUJZAF,-0.11867,-0.05036,0.06831,8.7759,-0.101454,0.24379,263.142001
YUJZEJ,-0.17252,-0.11106,0.06146,10.3329,-0.115308,0.76295,296.585941
YUYHOR,-0.18155,-0.07795,0.1036,12.8024,-0.091308,0.31289,265.538341
YUYJAF,-0.14897,-0.0861,0.06287,10.1738,-0.07208,0.09489,233.496696
YUYJEJ,-0.1628,-0.09893,0.06387,14.1996,-0.088133,0.64948,282.910428
ZAGXEN,-0.15125,-0.06849,0.08276,13.3734,-0.125457,0.50644,337.267991
ZAHHOI,-0.14975,-0.07461,0.07514,15.1669,-0.117692,0.42891,325.747424
ZANVIW,-0.14481,-0.08871,0.0561,11.6435,-0.106639,0.60692,342.949758
ZEFCOE,-0.16757,-0.12957,0.038,0.0049,-0.153011,-0.07715,556.764766
ZEFCUK,-0.1704,-0.13227,0.03813,0.004,-0.133807,-0.07099,463.265591
ZEGDIY,-0.32785,-0.18215,0.1457,2.3472,-0.12254,-0.47293,291.910728
ZEGJUQ,-0.28901,-0.19707,0.09194,1.0496,-0.14899,-0.05742,336.085765
ZEHQOU,-0.19998,-0.17293,0.02705,2.2545,-0.42748,0.88372,1057.831311
ZEJHUT,-0.14147,-0.08477,0.0567,2.3841,-0.134891,0.79679,395.612209
ZELCUQ,-0.15622,-0.07405,0.08217,3.8954,-0.12536,-0.27443,316.508907
ZELDAX,-0.16091,-0.08218,0.07873,3.8982,-0.129083,-0.31968,329.284501
ZELDEB,-0.17715,-0.0539,0.12325,1.8141,-0.131104,-0.88599,342.369661
ZERDIM,-0.13943,-0.08474,0.05469,0.0151,-0.187526,0.3243,570.396866
ZERDOS,-0.16587,-0.08995,0.07592,0.0425,-0.186378,0.31545,559.785511
ZIDWOY,-0.18338,-0.1352,0.04818,0.0045,-0.147033,-0.02485,407.907003
ZIFFEB,-0.18295,-0.07624,0.10671,0.0005,-0.214461,0.26261,575.834751
ZIFFIF,-0.15268,-0.07105,0.08163,0.0092,-0.224018,0.26555,586.373471
ZIFFOL,-0.15498,-0.06977,0.08521,0.0271,-0.221698,0.28066,574.961043
ZIMKOX,-0.15639,-0.0872,0.06919,0.0035,-0.147289,0.42046,466.709145
ZINYIE,-0.15805,-0.04548,0.11257,3.6436,-0.117464,-0.19775,344.509074
ZIZTAF,-0.15226,-0.10538,0.04688,0.0901,-0.198062,0.66379,653.910525
ZORGUL,-0.17981,-0.08788,0.09193,0.0021,-0.120664,0.22995,343.9824
ZORHEW,-0.15877,-0.04989,0.10888,0.0005,-0.159852,0.21172,485.986699
ZORHIA,-0.16484,-0.0859,0.07894,0.0006,-0.152002,0.24117,468.169194
ZORHOG,-0.15691,-0.06263,0.09428,0.0009,-0.171446,0.24275,540.042197
ZORHUM,-0.18059,-0.09073,0.08986,5.943,-0.120734,0.22699,344.015904
ZORJAU,-0.20517,-0.10353,0.10164,0.0007,-0.129383,0.22873,372.250404
ZOTRIJ,-0.14683,-0.11108,0.03575,0.003,-0.166226,0.17438,451.186584
ZOVSUA,-0.17432,-0.09032,0.084,1.2246,-0.138197,-0.23394,349.949706
ZOVTOV,-0.15307,-0.02151,0.13156,3.1853,-0.138416,-0.98609,347.248329
ZOVVAJ,-0.16131,-0.02848,0.13283,1.137,-0.12728,-0.10623,337.923721
ZOVVEN,-0.29728,-0.19387,0.10341,1.1335,-0.126831,-0.21588,331.918263
ZOYKUV,-0.13331,-0.09368,0.03963,0.0099,-0.256572,0.34888,796.856633
ZUQNAC,-0.15468,-0.14752,0.00716,5.6473,-0.248534,0.87067,691.563324
