run_id,name,epoch,test_rmse,test_score,val_score_best,lr,n_s,n_v,noH,arch,seed,radius,dataset,features,geometry,splitter,sum_mode,dropout_p,invariant,graph_mode,train_frac,graph_method,weight_decay,max_neighbors,n_conv_layers,target_column,classification,distance_emb_dim
hcr7rvrc,cv10-random-OctaFull-gap-inv-noH-ns64-d32-l2-vector-node,350,0.6851561069488525,0.4816533923149109,0.4346174895763397,0.001,64,0,True,normal,123,2.5,data/kulik/dataloader_kulik.py:OctaFull,torchchem_v1,default,test:data/kulik/OctaKulik-splits/random_3612/9_test_indices.txt,node,0.0,True,vector,0.8,torchchem_v1,1e-05,25,2,gap,False,32
2js7s3b4,cv10-random-OctaFull-gap-inv-noH-ns64-d32-l2-vector-node,408,0.6725145578384399,0.45486387610435486,0.4160660207271576,0.001,64,0,True,normal,123,2.5,data/kulik/dataloader_kulik.py:OctaFull,torchchem_v1,default,test:data/kulik/OctaKulik-splits/random_3612/4_test_indices.txt,node,0.0,True,vector,0.8,torchchem_v1,1e-05,25,2,gap,False,32
xgix88qj,cv10-random-OctaFull-gap-inv-noH-ns64-d32-l2-vector-node,308,0.6840898394584656,0.4844762086868286,0.4172492027282715,0.001,64,0,True,normal,123,2.5,data/kulik/dataloader_kulik.py:OctaFull,torchchem_v1,default,test:data/kulik/OctaKulik-splits/random_3612/0_test_indices.txt,node,0.0,True,vector,0.7995,torchchem_v1,1e-05,25,2,gap,False,32
7dxytg9t,cv10-HS_LS_same_fold-OctaFull-HOMO-inv-noH-ns64-d64-l2-vector-node,503,2.0413780212402344,1.1378673315048218,0.6093620657920837,0.001,64,0,True,normal,123,2.5,data/kulik/dataloader_kulik.py:OctaFull,torchchem_v1,default,test:data/kulik/OctaKulik-splits/HS_LS_same_fold_3612/3_test_indices.txt,node,0.05,True,vector,0.7995,torchchem_v1,1e-05,10,2,HOMO,False,64
mybhrmgx,cv10-random-OctaFull-HOMO-inv-noH-ns64-d64-l2-vector-node,509,1.4212076663970947,0.7918996810913086,0.5800455808639526,0.001,64,0,True,normal,123,2.5,data/kulik/dataloader_kulik.py:OctaFull,torchchem_v1,default,test:data/kulik/OctaKulik-splits/random_3612/7_test_indices.txt,node,0.05,True,vector,0.8,torchchem_v1,1e-05,10,2,HOMO,False,64
duuxrp7u,cv10-random-OctaFull-gap-inv-noH-ns64-d32-l2-vector-node,496,0.6321448087692261,0.4260740578174591,0.4307097196578979,0.001,64,0,True,normal,123,2.5,data/kulik/dataloader_kulik.py:OctaFull,torchchem_v1,default,test:data/kulik/OctaKulik-splits/random_3612/5_test_indices.txt,node,0.0,True,vector,0.8,torchchem_v1,1e-05,25,2,gap,False,32
6t8zc8x0,cv10-random-OctaFull-HOMO-inv-noH-ns64-d64-l2-vector-node,512,1.3645128011703491,0.7519521713256836,0.7017824649810791,0.001,64,0,True,normal,123,2.5,data/kulik/dataloader_kulik.py:OctaFull,torchchem_v1,default,test:data/kulik/OctaKulik-splits/random_3612/3_test_indices.txt,node,0.05,True,vector,0.8,torchchem_v1,1e-05,10,2,HOMO,False,64
t3elpykm,cv10-HS_LS_same_fold-OctaFull-HOMO-inv-noH-ns64-d64-l2-vector-node,415,1.7103828191757202,0.9208598136901855,0.6475759148597717,0.001,64,0,True,normal,123,2.5,data/kulik/dataloader_kulik.py:OctaFull,torchchem_v1,default,test:data/kulik/OctaKulik-splits/HS_LS_same_fold_3612/5_test_indices.txt,node,0.05,True,vector,0.7995,torchchem_v1,1e-05,10,2,HOMO,False,64
udjjuoi9,train_valid-OctaFull-LUMO-inv-noH-ns64-d64-l3-vector_masked-node,512,2.3236207962036133,1.4136371612548828,0.992787778377533,0.001,64,0,True,normal,123,5.0,data/kulik/dataloader_kulik.py:OctaFull,torchchem_v1,default,test:data/kulik/OctaKulik-splits/train_valid_3612/0_test_indices.txt,node,0.05,True,vector_masked,0.599,torchchem_v1,1e-05,50,3,LUMO,False,64
n7w2mn9g,train_valid-OctaFull-LUMO-inv-noH-ns48-d64-l3-vector-node,512,2.643683910369873,1.6909868717193604,0.8467159867286682,0.001,48,0,True,normal,123,2.5,data/kulik/dataloader_kulik.py:OctaFull,torchchem_v1,default,test:data/kulik/OctaKulik-splits/train_valid_3612/0_test_indices.txt,node,0.1,True,vector,0.599,torchchem_v1,1e-05,25,3,LUMO,False,64
qi08pqul,train_valid-OctaFull-HOMO-inv-noH-ns64-d64-l3-vector_masked-node,380,2.1264278888702393,1.3664724826812744,0.9382190704345704,0.001,64,0,True,normal,123,5.0,data/kulik/dataloader_kulik.py:OctaFull,torchchem_v1,default,test:data/kulik/OctaKulik-splits/train_valid_3612/0_test_indices.txt,node,0.0,True,vector_masked,0.599,torchchem_v1,1e-05,10,3,HOMO,False,64
p198a2sv,train_valid-OctaFull-HOMO-inv-noH-ns64-d64-l2-vector-node,512,3.088339567184448,1.8961838483810425,0.6918255090713501,0.001,64,0,True,normal,123,2.5,data/kulik/dataloader_kulik.py:OctaFull,torchchem_v1,default,test:data/kulik/OctaKulik-splits/train_valid_3612/0_test_indices.txt,node,0.05,True,vector,0.599,torchchem_v1,1e-05,10,2,HOMO,False,64
rdiqmhj7,train_valid-OctaFull-gap-inv-noH-ns48-d48-l3-vector_masked-both,447,0.825038731098175,0.5665007829666138,0.4937490224838257,0.001,48,0,True,normal,123,2.5,data/kulik/dataloader_kulik.py:OctaFull,torchchem_v1,default,test:data/kulik/OctaKulik-splits/train_valid_3612/0_test_indices.txt,both,0.1,True,vector_masked,0.599,torchchem_v1,1e-05,10,3,gap,False,48
x5woqqdl,train_valid-OctaFull-gap-inv-noH-ns64-d32-l2-vector-node,452,0.8310375809669495,0.5999385118484497,0.46689489483833313,0.001,64,0,True,normal,123,2.5,data/kulik/dataloader_kulik.py:OctaFull,torchchem_v1,default,test:data/kulik/OctaKulik-splits/train_valid_3612/0_test_indices.txt,node,0.0,True,vector,0.599,torchchem_v1,1e-05,25,2,gap,False,32
2yohfyqe,cv10-random-OctaFull-LUMO-inv-noH-ns64-d64-l3-vector_masked-node,493,1.867082357406616,1.0295921564102173,0.9490486979484558,0.001,64,0,True,normal,123,5.0,data/kulik/dataloader_kulik.py:OctaFull,torchchem_v1,default,test:data/kulik/OctaKulik-splits/random_3612/9_test_indices.txt,node,0.05,True,vector_masked,0.8,torchchem_v1,1e-05,50,3,LUMO,False,64
octmd4f4,cv10-random-OctaFull-LUMO-inv-noH-ns64-d64-l3-vector_masked-node,512,1.678235650062561,0.9195592403411864,0.8377060890197754,0.001,64,0,True,normal,123,5.0,data/kulik/dataloader_kulik.py:OctaFull,torchchem_v1,default,test:data/kulik/OctaKulik-splits/random_3612/8_test_indices.txt,node,0.05,True,vector_masked,0.8,torchchem_v1,1e-05,50,3,LUMO,False,64
mv5kvu7q,cv10-random-OctaFull-LUMO-inv-noH-ns64-d64-l3-vector_masked-node,415,2.033945798873902,1.1131024360656738,0.833217978477478,0.001,64,0,True,normal,123,5.0,data/kulik/dataloader_kulik.py:OctaFull,torchchem_v1,default,test:data/kulik/OctaKulik-splits/random_3612/7_test_indices.txt,node,0.05,True,vector_masked,0.8,torchchem_v1,1e-05,50,3,LUMO,False,64
4zz2nmom,cv10-random-OctaFull-LUMO-inv-noH-ns48-d64-l3-vector-node,479,1.8808352947235107,1.022049069404602,0.7977942228317261,0.001,48,0,True,normal,123,2.5,data/kulik/dataloader_kulik.py:OctaFull,torchchem_v1,default,test:data/kulik/OctaKulik-splits/random_3612/7_test_indices.txt,node,0.1,True,vector,0.8,torchchem_v1,1e-05,25,3,LUMO,False,64
1ml40f3s,cv10-random-OctaFull-LUMO-inv-noH-ns48-d64-l3-vector-node,512,2.22065806388855,1.0946224927902222,0.8158032298088074,0.001,48,0,True,normal,123,2.5,data/kulik/dataloader_kulik.py:OctaFull,torchchem_v1,default,test:data/kulik/OctaKulik-splits/random_3612/9_test_indices.txt,node,0.1,True,vector,0.8,torchchem_v1,1e-05,25,3,LUMO,False,64
aah6obzm,cv10-random-OctaFull-LUMO-inv-noH-ns64-d64-l3-vector_masked-node,512,1.833651423454285,0.9871353507041932,0.9325960874557496,0.001,64,0,True,normal,123,5.0,data/kulik/dataloader_kulik.py:OctaFull,torchchem_v1,default,test:data/kulik/OctaKulik-splits/random_3612/4_test_indices.txt,node,0.05,True,vector_masked,0.8,torchchem_v1,1e-05,50,3,LUMO,False,64
cge579ju,cv10-random-OctaFull-LUMO-inv-noH-ns64-d64-l3-vector_masked-node,361,1.965929388999939,1.1374717950820925,0.9528128504753112,0.001,64,0,True,normal,123,5.0,data/kulik/dataloader_kulik.py:OctaFull,torchchem_v1,default,test:data/kulik/OctaKulik-splits/random_3612/2_test_indices.txt,node,0.05,True,vector_masked,0.8,torchchem_v1,1e-05,50,3,LUMO,False,64
s5ylzhf2,cv10-random-OctaFull-LUMO-inv-noH-ns48-d64-l3-vector-node,439,1.8518880605697632,1.0409585237503052,0.816835343837738,0.001,48,0,True,normal,123,2.5,data/kulik/dataloader_kulik.py:OctaFull,torchchem_v1,default,test:data/kulik/OctaKulik-splits/random_3612/1_test_indices.txt,node,0.1,True,vector,0.7995,torchchem_v1,1e-05,25,3,LUMO,False,64
h5eca3bd,cv10-random-OctaFull-gap-inv-noH-ns64-d32-l2-vector-node,283,0.6975408792495728,0.4901508390903473,0.42104372382164,0.001,64,0,True,normal,123,2.5,data/kulik/dataloader_kulik.py:OctaFull,torchchem_v1,default,test:data/kulik/OctaKulik-splits/random_3612/6_test_indices.txt,node,0.0,True,vector,0.8,torchchem_v1,1e-05,25,2,gap,False,32
pzvexubj,cv10-random-OctaFull-HOMO-inv-noH-ns64-d64-l2-vector-node,348,1.508533239364624,0.8046748638153076,0.6820699572563171,0.001,64,0,True,normal,123,2.5,data/kulik/dataloader_kulik.py:OctaFull,torchchem_v1,default,test:data/kulik/OctaKulik-splits/random_3612/1_test_indices.txt,node,0.05,True,vector,0.7995,torchchem_v1,1e-05,10,2,HOMO,False,64
7tplitp2,cv10-random-OctaFull-gap-inv-noH-ns64-d32-l2-vector-node,217,0.7082074880599976,0.49660879373550415,0.4807833433151245,0.001,64,0,True,normal,123,2.5,data/kulik/dataloader_kulik.py:OctaFull,torchchem_v1,default,test:data/kulik/OctaKulik-splits/random_3612/7_test_indices.txt,node,0.0,True,vector,0.8,torchchem_v1,1e-05,25,2,gap,False,32
j4xfl2qm,cv10-random-OctaFull-HOMO-inv-noH-ns64-d64-l2-vector-node,426,1.5400599241256714,0.7893040180206299,0.6616199612617493,0.001,64,0,True,normal,123,2.5,data/kulik/dataloader_kulik.py:OctaFull,torchchem_v1,default,test:data/kulik/OctaKulik-splits/random_3612/0_test_indices.txt,node,0.05,True,vector,0.7995,torchchem_v1,1e-05,10,2,HOMO,False,64
okp2t1ap,cv10-random-OctaFull-HOMO-inv-noH-ns64-d64-l3-vector_masked-node,381,1.604447841644287,0.914854109287262,0.8520950078964233,0.001,64,0,True,normal,123,5.0,data/kulik/dataloader_kulik.py:OctaFull,torchchem_v1,default,test:data/kulik/OctaKulik-splits/random_3612/6_test_indices.txt,node,0.0,True,vector_masked,0.8,torchchem_v1,1e-05,10,3,HOMO,False,64
7n7lk825,cv10-random-OctaFull-LUMO-inv-noH-ns64-d64-l3-vector_masked-node,512,1.821444630622864,0.9762804508209229,0.8861116170883179,0.001,64,0,True,normal,123,5.0,data/kulik/dataloader_kulik.py:OctaFull,torchchem_v1,default,test:data/kulik/OctaKulik-splits/random_3612/3_test_indices.txt,node,0.05,True,vector_masked,0.8,torchchem_v1,1e-05,50,3,LUMO,False,64
ie1znpsk,cv10-random-OctaFull-LUMO-inv-noH-ns64-d64-l3-vector_masked-node,512,2.1777210235595703,1.239679932594299,0.8964462280273438,0.001,64,0,True,normal,123,5.0,data/kulik/dataloader_kulik.py:OctaFull,torchchem_v1,default,test:data/kulik/OctaKulik-splits/random_3612/1_test_indices.txt,node,0.05,True,vector_masked,0.7995,torchchem_v1,1e-05,50,3,LUMO,False,64
w4b46iy8,cv10-random-OctaFull-LUMO-inv-noH-ns48-d64-l3-vector-node,477,1.5652592182159424,0.8767394423484802,0.8172760009765625,0.001,48,0,True,normal,123,2.5,data/kulik/dataloader_kulik.py:OctaFull,torchchem_v1,default,test:data/kulik/OctaKulik-splits/random_3612/2_test_indices.txt,node,0.1,True,vector,0.8,torchchem_v1,1e-05,25,3,LUMO,False,64
l74y20b7,cv10-HS_LS_same_fold-OctaFull-LUMO-inv-noH-ns48-d64-l3-vector-node,496,2.2207441329956055,1.12420654296875,0.8339788317680359,0.001,48,0,True,normal,123,2.5,data/kulik/dataloader_kulik.py:OctaFull,torchchem_v1,default,test:data/kulik/OctaKulik-splits/HS_LS_same_fold_3612/7_test_indices.txt,node,0.1,True,vector,0.8004,torchchem_v1,1e-05,25,3,LUMO,False,64
m88q0qel,cv10-random-OctaFull-LUMO-inv-noH-ns48-d64-l3-vector-node,512,1.7791500091552734,0.9599469304084778,0.797185480594635,0.001,48,0,True,normal,123,2.5,data/kulik/dataloader_kulik.py:OctaFull,torchchem_v1,default,test:data/kulik/OctaKulik-splits/random_3612/0_test_indices.txt,node,0.1,True,vector,0.7995,torchchem_v1,1e-05,25,3,LUMO,False,64
t28s9mwf,cv10-HS_LS_same_fold-OctaFull-LUMO-inv-noH-ns64-d64-l3-vector_masked-node,490,2.026897430419922,1.1229063272476196,0.902213454246521,0.001,64,0,True,normal,123,5.0,data/kulik/dataloader_kulik.py:OctaFull,torchchem_v1,default,test:data/kulik/OctaKulik-splits/HS_LS_same_fold_3612/1_test_indices.txt,node,0.05,True,vector_masked,0.7995,torchchem_v1,1e-05,50,3,LUMO,False,64
ki8tc5be,cv10-HS_LS_same_fold-OctaFull-LUMO-inv-noH-ns48-d64-l3-vector-node,512,1.9416136741638184,1.026279330253601,0.7084940075874329,0.001,48,0,True,normal,123,2.5,data/kulik/dataloader_kulik.py:OctaFull,torchchem_v1,default,test:data/kulik/OctaKulik-splits/HS_LS_same_fold_3612/8_test_indices.txt,node,0.1,True,vector,0.8004,torchchem_v1,1e-05,25,3,LUMO,False,64
vkvc3h34,cv10-random-OctaFull-gap-inv-noH-ns64-d32-l2-vector-node,277,0.644130527973175,0.4639316499233246,0.4320367872714996,0.001,64,0,True,normal,123,2.5,data/kulik/dataloader_kulik.py:OctaFull,torchchem_v1,default,test:data/kulik/OctaKulik-splits/random_3612/8_test_indices.txt,node,0.0,True,vector,0.8,torchchem_v1,1e-05,25,2,gap,False,32
n529lz6f,cv10-random-OctaFull-LUMO-inv-noH-ns48-d64-l3-vector-node,457,1.6281092166900637,0.8014529943466187,0.8653402328491211,0.001,48,0,True,normal,123,2.5,data/kulik/dataloader_kulik.py:OctaFull,torchchem_v1,default,test:data/kulik/OctaKulik-splits/random_3612/5_test_indices.txt,node,0.1,True,vector,0.8,torchchem_v1,1e-05,25,3,LUMO,False,64
faagbd8t,cv10-HS_LS_same_fold-OctaFull-LUMO-inv-noH-ns48-d64-l3-vector-node,434,1.8380125761032104,1.0512300729751587,0.8499724864959717,0.001,48,0,True,normal,123,2.5,data/kulik/dataloader_kulik.py:OctaFull,torchchem_v1,default,test:data/kulik/OctaKulik-splits/HS_LS_same_fold_3612/6_test_indices.txt,node,0.1,True,vector,0.8004,torchchem_v1,1e-05,25,3,LUMO,False,64
lem558kg,cv10-random-OctaFull-HOMO-inv-noH-ns64-d64-l2-vector-node,512,1.3014358282089231,0.6830755472183228,0.5867616534233093,0.001,64,0,True,normal,123,2.5,data/kulik/dataloader_kulik.py:OctaFull,torchchem_v1,default,test:data/kulik/OctaKulik-splits/random_3612/2_test_indices.txt,node,0.05,True,vector,0.8,torchchem_v1,1e-05,10,2,HOMO,False,64
4wo950km,cv10-random-OctaFull-LUMO-inv-noH-ns48-d64-l3-vector-node,469,1.5711232423782349,0.8423696756362915,0.8386967182159424,0.001,48,0,True,normal,123,2.5,data/kulik/dataloader_kulik.py:OctaFull,torchchem_v1,default,test:data/kulik/OctaKulik-splits/random_3612/4_test_indices.txt,node,0.1,True,vector,0.8,torchchem_v1,1e-05,25,3,LUMO,False,64
aerpmh6e,cv10-HS_LS_same_fold-OctaFull-LUMO-inv-noH-ns64-d64-l3-vector_masked-node,512,1.882843852043152,1.0081090927124023,0.9656968116760254,0.001,64,0,True,normal,123,5.0,data/kulik/dataloader_kulik.py:OctaFull,torchchem_v1,default,test:data/kulik/OctaKulik-splits/HS_LS_same_fold_3612/0_test_indices.txt,node,0.05,True,vector_masked,0.7995,torchchem_v1,1e-05,50,3,LUMO,False,64
srxd8kvh,cv10-HS_LS_same_fold-OctaFull-LUMO-inv-noH-ns48-d64-l3-vector-node,512,1.634758234024048,0.906489908695221,0.7500510811805725,0.001,48,0,True,normal,123,2.5,data/kulik/dataloader_kulik.py:OctaFull,torchchem_v1,default,test:data/kulik/OctaKulik-splits/HS_LS_same_fold_3612/9_test_indices.txt,node,0.1,True,vector,0.8004,torchchem_v1,1e-05,25,3,LUMO,False,64
904qpa0x,cv10-random-OctaFull-HOMO-inv-noH-ns64-d64-l3-vector_masked-node,372,1.4638839960098269,0.8234811425209045,0.8155520558357239,0.001,64,0,True,normal,123,5.0,data/kulik/dataloader_kulik.py:OctaFull,torchchem_v1,default,test:data/kulik/OctaKulik-splits/random_3612/8_test_indices.txt,node,0.0,True,vector_masked,0.8,torchchem_v1,1e-05,10,3,HOMO,False,64
32sxefuy,cv10-random-OctaFull-HOMO-inv-noH-ns64-d64-l3-vector_masked-node,310,1.9154452085494995,1.0917513370513916,0.8347512483596802,0.001,64,0,True,normal,123,5.0,data/kulik/dataloader_kulik.py:OctaFull,torchchem_v1,default,test:data/kulik/OctaKulik-splits/random_3612/1_test_indices.txt,node,0.0,True,vector_masked,0.7995,torchchem_v1,1e-05,10,3,HOMO,False,64
0jmcvbm0,cv10-random-OctaFull-gap-inv-noH-ns48-d48-l3-vector_masked-both,389,0.6407066583633423,0.43915101885795593,0.4473923146724701,0.001,48,0,True,normal,123,2.5,data/kulik/dataloader_kulik.py:OctaFull,torchchem_v1,default,test:data/kulik/OctaKulik-splits/random_3612/4_test_indices.txt,both,0.1,True,vector_masked,0.8,torchchem_v1,1e-05,10,3,gap,False,48
7i07s9wz,cv10-random-OctaFull-gap-inv-noH-ns48-d48-l3-vector_masked-both,335,0.6873754858970642,0.451427549123764,0.42188987135887146,0.001,48,0,True,normal,123,2.5,data/kulik/dataloader_kulik.py:OctaFull,torchchem_v1,default,test:data/kulik/OctaKulik-splits/random_3612/6_test_indices.txt,both,0.1,True,vector_masked,0.8,torchchem_v1,1e-05,10,3,gap,False,48
cqb4cd4b,cv10-random-OctaFull-gap-inv-noH-ns48-d48-l3-vector_masked-both,325,0.6980277895927429,0.4654260277748108,0.4483577907085418,0.001,48,0,True,normal,123,2.5,data/kulik/dataloader_kulik.py:OctaFull,torchchem_v1,default,test:data/kulik/OctaKulik-splits/random_3612/5_test_indices.txt,both,0.1,True,vector_masked,0.8,torchchem_v1,1e-05,10,3,gap,False,48
fypa6tfm,cv10-HS_LS_same_fold-OctaFull-HOMO-inv-noH-ns64-d64-l3-vector_masked-node,380,1.6952755451202393,0.9463558793067932,0.8091247081756592,0.001,64,0,True,normal,123,5.0,data/kulik/dataloader_kulik.py:OctaFull,torchchem_v1,default,test:data/kulik/OctaKulik-splits/HS_LS_same_fold_3612/0_test_indices.txt,node,0.0,True,vector_masked,0.7995,torchchem_v1,1e-05,10,3,HOMO,False,64
ynlnc77x,cv10-HS_LS_same_fold-OctaFull-gap-inv-noH-ns64-d32-l2-vector-node,254,0.6772381067276001,0.4618626832962036,0.4359237253665924,0.001,64,0,True,normal,123,2.5,data/kulik/dataloader_kulik.py:OctaFull,torchchem_v1,default,test:data/kulik/OctaKulik-splits/HS_LS_same_fold_3612/1_test_indices.txt,node,0.0,True,vector,0.7995,torchchem_v1,1e-05,25,2,gap,False,32
engev5y2,cv10-HS_LS_same_fold-OctaFull-gap-inv-noH-ns64-d32-l2-vector-node,364,0.6914508938789368,0.47409510612487793,0.42299684882164,0.001,64,0,True,normal,123,2.5,data/kulik/dataloader_kulik.py:OctaFull,torchchem_v1,default,test:data/kulik/OctaKulik-splits/HS_LS_same_fold_3612/3_test_indices.txt,node,0.0,True,vector,0.7995,torchchem_v1,1e-05,25,2,gap,False,32
7udq8sdo,cv10-HS_LS_same_fold-OctaFull-gap-inv-noH-ns48-d48-l3-vector_masked-both,353,0.7644724249839783,0.4867401421070099,0.4148717522621155,0.001,48,0,True,normal,123,2.5,data/kulik/dataloader_kulik.py:OctaFull,torchchem_v1,default,test:data/kulik/OctaKulik-splits/HS_LS_same_fold_3612/7_test_indices.txt,both,0.1,True,vector_masked,0.8004,torchchem_v1,1e-05,10,3,gap,False,48
5aj9fdiy,cv10-HS_LS_same_fold-OctaFull-gap-inv-noH-ns48-d48-l3-vector_masked-both,394,0.6495914459228516,0.462565541267395,0.43047091364860535,0.001,48,0,True,normal,123,2.5,data/kulik/dataloader_kulik.py:OctaFull,torchchem_v1,default,test:data/kulik/OctaKulik-splits/HS_LS_same_fold_3612/9_test_indices.txt,both,0.1,True,vector_masked,0.8004,torchchem_v1,1e-05,10,3,gap,False,48
fe4xjugx,cv10-HS_LS_same_fold-OctaFull-gap-inv-noH-ns48-d48-l3-vector_masked-both,512,0.7648376226425171,0.5152755975723267,0.4228554368019104,0.001,48,0,True,normal,123,2.5,data/kulik/dataloader_kulik.py:OctaFull,torchchem_v1,default,test:data/kulik/OctaKulik-splits/HS_LS_same_fold_3612/6_test_indices.txt,both,0.1,True,vector_masked,0.8004,torchchem_v1,1e-05,10,3,gap,False,48
v44hbdye,cv10-random-OctaFull-gap-inv-noH-ns48-d48-l3-vector_masked-both,307,0.6962990760803223,0.47530823945999146,0.4344370663166046,0.001,48,0,True,normal,123,2.5,data/kulik/dataloader_kulik.py:OctaFull,torchchem_v1,default,test:data/kulik/OctaKulik-splits/random_3612/2_test_indices.txt,both,0.1,True,vector_masked,0.8,torchchem_v1,1e-05,10,3,gap,False,48
nra4xlzm,cv10-random-OctaFull-gap-inv-noH-ns48-d48-l3-vector_masked-both,284,0.7098206281661987,0.48940911889076233,0.42855304479599,0.001,48,0,True,normal,123,2.5,data/kulik/dataloader_kulik.py:OctaFull,torchchem_v1,default,test:data/kulik/OctaKulik-splits/random_3612/1_test_indices.txt,both,0.1,True,vector_masked,0.7995,torchchem_v1,1e-05,10,3,gap,False,48
1fyttwwq,cv10-random-OctaFull-gap-inv-noH-ns48-d48-l3-vector_masked-both,512,0.7538886666297913,0.49454227089881897,0.4408337473869324,0.001,48,0,True,normal,123,2.5,data/kulik/dataloader_kulik.py:OctaFull,torchchem_v1,default,test:data/kulik/OctaKulik-splits/random_3612/3_test_indices.txt,both,0.1,True,vector_masked,0.8,torchchem_v1,1e-05,10,3,gap,False,48
88u8lr5h,cv10-random-OctaFull-gap-inv-noH-ns48-d48-l3-vector_masked-both,422,0.6637899875640869,0.46177786588668823,0.40738311409950256,0.001,48,0,True,normal,123,2.5,data/kulik/dataloader_kulik.py:OctaFull,torchchem_v1,default,test:data/kulik/OctaKulik-splits/random_3612/0_test_indices.txt,both,0.1,True,vector_masked,0.7995,torchchem_v1,1e-05,10,3,gap,False,48
qyxio8zv,cv10-HS_LS_same_fold-OctaFull-HOMO-inv-noH-ns64-d64-l3-vector_masked-node,329,1.8295716047286987,0.9940356612205504,0.758630096912384,0.001,64,0,True,normal,123,5.0,data/kulik/dataloader_kulik.py:OctaFull,torchchem_v1,default,test:data/kulik/OctaKulik-splits/HS_LS_same_fold_3612/7_test_indices.txt,node,0.0,True,vector_masked,0.8004,torchchem_v1,1e-05,10,3,HOMO,False,64
8xvw0afk,cv10-HS_LS_same_fold-OctaFull-HOMO-inv-noH-ns64-d64-l3-vector_masked-node,275,1.794233322143555,1.0591670274734497,0.8739371299743652,0.001,64,0,True,normal,123,5.0,data/kulik/dataloader_kulik.py:OctaFull,torchchem_v1,default,test:data/kulik/OctaKulik-splits/HS_LS_same_fold_3612/5_test_indices.txt,node,0.0,True,vector_masked,0.7995,torchchem_v1,1e-05,10,3,HOMO,False,64
pn9z70u9,cv10-HS_LS_same_fold-OctaFull-HOMO-inv-noH-ns64-d64-l3-vector_masked-node,308,1.902227759361267,1.1028411388397217,0.7859209775924683,0.001,64,0,True,normal,123,5.0,data/kulik/dataloader_kulik.py:OctaFull,torchchem_v1,default,test:data/kulik/OctaKulik-splits/HS_LS_same_fold_3612/1_test_indices.txt,node,0.0,True,vector_masked,0.7995,torchchem_v1,1e-05,10,3,HOMO,False,64
omzf27ks,cv10-HS_LS_same_fold-OctaFull-gap-inv-noH-ns64-d32-l2-vector-node,318,0.6578975915908813,0.4492245018482208,0.4472092390060425,0.001,64,0,True,normal,123,2.5,data/kulik/dataloader_kulik.py:OctaFull,torchchem_v1,default,test:data/kulik/OctaKulik-splits/HS_LS_same_fold_3612/0_test_indices.txt,node,0.0,True,vector,0.7995,torchchem_v1,1e-05,25,2,gap,False,32
7o3qvy0x,cv10-HS_LS_same_fold-OctaFull-HOMO-inv-noH-ns64-d64-l3-vector_masked-node,387,1.9591970443725584,1.042873501777649,0.8765654563903809,0.001,64,0,True,normal,123,5.0,data/kulik/dataloader_kulik.py:OctaFull,torchchem_v1,default,test:data/kulik/OctaKulik-splits/HS_LS_same_fold_3612/2_test_indices.txt,node,0.0,True,vector_masked,0.7995,torchchem_v1,1e-05,10,3,HOMO,False,64
gozba3qb,cv10-HS_LS_same_fold-OctaFull-HOMO-inv-noH-ns64-d64-l3-vector_masked-node,325,1.7049366235733032,1.0340479612350464,0.8386784791946411,0.001,64,0,True,normal,123,5.0,data/kulik/dataloader_kulik.py:OctaFull,torchchem_v1,default,test:data/kulik/OctaKulik-splits/HS_LS_same_fold_3612/6_test_indices.txt,node,0.0,True,vector_masked,0.8004,torchchem_v1,1e-05,10,3,HOMO,False,64
0tc3w4pl,cv10-HS_LS_same_fold-OctaFull-HOMO-inv-noH-ns64-d64-l3-vector_masked-node,352,1.7976412773132324,1.006006121635437,0.786911129951477,0.001,64,0,True,normal,123,5.0,data/kulik/dataloader_kulik.py:OctaFull,torchchem_v1,default,test:data/kulik/OctaKulik-splits/HS_LS_same_fold_3612/3_test_indices.txt,node,0.0,True,vector_masked,0.7995,torchchem_v1,1e-05,10,3,HOMO,False,64
552d538g,cv10-HS_LS_same_fold-OctaFull-gap-inv-noH-ns64-d32-l2-vector-node,223,0.7195258736610413,0.48665979504585266,0.449567586183548,0.001,64,0,True,normal,123,2.5,data/kulik/dataloader_kulik.py:OctaFull,torchchem_v1,default,test:data/kulik/OctaKulik-splits/HS_LS_same_fold_3612/2_test_indices.txt,node,0.0,True,vector,0.7995,torchchem_v1,1e-05,25,2,gap,False,32
o7t0u84e,cv10-HS_LS_same_fold-OctaFull-gap-inv-noH-ns48-d48-l3-vector_masked-both,238,0.714602530002594,0.5045616626739502,0.4440685212612152,0.001,48,0,True,normal,123,2.5,data/kulik/dataloader_kulik.py:OctaFull,torchchem_v1,default,test:data/kulik/OctaKulik-splits/HS_LS_same_fold_3612/8_test_indices.txt,both,0.1,True,vector_masked,0.8004,torchchem_v1,1e-05,10,3,gap,False,48
8e73wrhm,cv10-HS_LS_same_fold-OctaFull-gap-inv-noH-ns48-d48-l3-vector_masked-both,415,0.6787939071655273,0.4518278241157532,0.4351607859134674,0.001,48,0,True,normal,123,2.5,data/kulik/dataloader_kulik.py:OctaFull,torchchem_v1,default,test:data/kulik/OctaKulik-splits/HS_LS_same_fold_3612/1_test_indices.txt,both,0.1,True,vector_masked,0.7995,torchchem_v1,1e-05,10,3,gap,False,48
yw5nnwlf,cv10-random-OctaFull-LUMO-inv-noH-ns48-d64-l3-vector-node,512,1.47339129447937,0.8079286217689514,0.8320174217224121,0.001,48,0,True,normal,123,2.5,data/kulik/dataloader_kulik.py:OctaFull,torchchem_v1,default,test:data/kulik/OctaKulik-splits/random_3612/3_test_indices.txt,node,0.1,True,vector,0.8,torchchem_v1,1e-05,25,3,LUMO,False,64
52ytgw7a,cv10-random-OctaFull-LUMO-inv-noH-ns48-d64-l3-vector-node,512,1.7273894548416138,0.9338281154632568,0.840000331401825,0.001,48,0,True,normal,123,2.5,data/kulik/dataloader_kulik.py:OctaFull,torchchem_v1,default,test:data/kulik/OctaKulik-splits/random_3612/6_test_indices.txt,node,0.1,True,vector,0.8,torchchem_v1,1e-05,25,3,LUMO,False,64
1fn1s3iy,cv10-HS_LS_same_fold-OctaFull-HOMO-inv-noH-ns64-d64-l3-vector_masked-node,374,1.758362054824829,1.077348709106445,0.8861542344093323,0.001,64,0,True,normal,123,5.0,data/kulik/dataloader_kulik.py:OctaFull,torchchem_v1,default,test:data/kulik/OctaKulik-splits/HS_LS_same_fold_3612/4_test_indices.txt,node,0.0,True,vector_masked,0.7995,torchchem_v1,1e-05,10,3,HOMO,False,64
c1yzmala,cv10-HS_LS_same_fold-OctaFull-gap-inv-noH-ns48-d48-l3-vector_masked-both,346,0.8037233948707581,0.5485705137252808,0.45203161239624023,0.001,48,0,True,normal,123,2.5,data/kulik/dataloader_kulik.py:OctaFull,torchchem_v1,default,test:data/kulik/OctaKulik-splits/HS_LS_same_fold_3612/5_test_indices.txt,both,0.1,True,vector_masked,0.7995,torchchem_v1,1e-05,10,3,gap,False,48
drdtnknq,cv10-HS_LS_same_fold-OctaFull-gap-inv-noH-ns48-d48-l3-vector_masked-both,341,0.721146821975708,0.5037059187889099,0.4390330910682678,0.001,48,0,True,normal,123,2.5,data/kulik/dataloader_kulik.py:OctaFull,torchchem_v1,default,test:data/kulik/OctaKulik-splits/HS_LS_same_fold_3612/3_test_indices.txt,both,0.1,True,vector_masked,0.7995,torchchem_v1,1e-05,10,3,gap,False,48
zg1s8s6b,cv10-random-OctaFull-HOMO-inv-noH-ns64-d64-l3-vector_masked-node,406,1.5924793481826782,0.9351868629455566,0.8904544711112976,0.001,64,0,True,normal,123,5.0,data/kulik/dataloader_kulik.py:OctaFull,torchchem_v1,default,test:data/kulik/OctaKulik-splits/random_3612/4_test_indices.txt,node,0.0,True,vector_masked,0.8,torchchem_v1,1e-05,10,3,HOMO,False,64
brfggc2g,cv10-random-OctaFull-HOMO-inv-noH-ns64-d64-l3-vector_masked-node,348,1.6442129611968994,0.939026951789856,0.8679119348526001,0.001,64,0,True,normal,123,5.0,data/kulik/dataloader_kulik.py:OctaFull,torchchem_v1,default,test:data/kulik/OctaKulik-splits/random_3612/2_test_indices.txt,node,0.0,True,vector_masked,0.8,torchchem_v1,1e-05,10,3,HOMO,False,64
tdam74s0,cv10-HS_LS_same_fold-OctaFull-gap-inv-noH-ns48-d48-l3-vector_masked-both,310,0.694801390171051,0.5001707077026367,0.42986053228378296,0.001,48,0,True,normal,123,2.5,data/kulik/dataloader_kulik.py:OctaFull,torchchem_v1,default,test:data/kulik/OctaKulik-splits/HS_LS_same_fold_3612/4_test_indices.txt,both,0.1,True,vector_masked,0.7995,torchchem_v1,1e-05,10,3,gap,False,48
v4ltqyv4,cv10-HS_LS_same_fold-OctaFull-gap-inv-noH-ns48-d48-l3-vector_masked-both,375,0.6993831396102905,0.4696924686431885,0.4380193948745727,0.001,48,0,True,normal,123,2.5,data/kulik/dataloader_kulik.py:OctaFull,torchchem_v1,default,test:data/kulik/OctaKulik-splits/HS_LS_same_fold_3612/0_test_indices.txt,both,0.1,True,vector_masked,0.7995,torchchem_v1,1e-05,10,3,gap,False,48
jfymau6u,cv10-random-OctaFull-LUMO-inv-noH-ns64-d64-l3-vector_masked-node,407,1.8959912061691284,0.9652968645095824,0.971033811569214,0.001,64,0,True,normal,123,5.0,data/kulik/dataloader_kulik.py:OctaFull,torchchem_v1,default,test:data/kulik/OctaKulik-splits/random_3612/5_test_indices.txt,node,0.05,True,vector_masked,0.8,torchchem_v1,1e-05,50,3,LUMO,False,64
90rr8j1j,cv10-random-OctaFull-LUMO-inv-noH-ns64-d64-l3-vector_masked-node,431,1.9005334377288816,0.9986356496810912,0.9731922149658204,0.001,64,0,True,normal,123,5.0,data/kulik/dataloader_kulik.py:OctaFull,torchchem_v1,default,test:data/kulik/OctaKulik-splits/random_3612/6_test_indices.txt,node,0.05,True,vector_masked,0.8,torchchem_v1,1e-05,50,3,LUMO,False,64
0w56skxb,cv10-HS_LS_same_fold-OctaFull-gap-inv-noH-ns48-d48-l3-vector_masked-both,376,0.7153254151344299,0.47487229108810425,0.4530522227287293,0.001,48,0,True,normal,123,2.5,data/kulik/dataloader_kulik.py:OctaFull,torchchem_v1,default,test:data/kulik/OctaKulik-splits/HS_LS_same_fold_3612/2_test_indices.txt,both,0.1,True,vector_masked,0.7995,torchchem_v1,1e-05,10,3,gap,False,48
fgeccsu1,cv10-random-OctaFull-HOMO-inv-noH-ns64-d64-l3-vector_masked-node,279,1.6845948696136477,0.928158164024353,0.7621361017227173,0.001,64,0,True,normal,123,5.0,data/kulik/dataloader_kulik.py:OctaFull,torchchem_v1,default,test:data/kulik/OctaKulik-splits/random_3612/5_test_indices.txt,node,0.0,True,vector_masked,0.8,torchchem_v1,1e-05,10,3,HOMO,False,64
gr5aecs4,cv10-random-OctaFull-HOMO-inv-noH-ns64-d64-l3-vector_masked-node,381,1.4870744943618774,0.8763948678970337,0.8651825785636902,0.001,64,0,True,normal,123,5.0,data/kulik/dataloader_kulik.py:OctaFull,torchchem_v1,default,test:data/kulik/OctaKulik-splits/random_3612/3_test_indices.txt,node,0.0,True,vector_masked,0.8,torchchem_v1,1e-05,10,3,HOMO,False,64
owqnsks0,cv10-random-OctaFull-HOMO-inv-noH-ns64-d64-l3-vector_masked-node,325,1.855455994606018,1.0637069940567017,0.8347375988960266,0.001,64,0,True,normal,123,5.0,data/kulik/dataloader_kulik.py:OctaFull,torchchem_v1,default,test:data/kulik/OctaKulik-splits/random_3612/7_test_indices.txt,node,0.0,True,vector_masked,0.8,torchchem_v1,1e-05,10,3,HOMO,False,64
uwon4xwb,cv10-random-OctaFull-HOMO-inv-noH-ns64-d64-l3-vector_masked-node,294,1.573968529701233,0.8749891519546509,0.8077559471130371,0.001,64,0,True,normal,123,5.0,data/kulik/dataloader_kulik.py:OctaFull,torchchem_v1,default,test:data/kulik/OctaKulik-splits/random_3612/9_test_indices.txt,node,0.0,True,vector_masked,0.8,torchchem_v1,1e-05,10,3,HOMO,False,64
7xndktq2,cv10-HS_LS_same_fold-OctaFull-LUMO-inv-noH-ns64-d64-l3-vector_masked-node,512,2.228802442550659,1.2195409536361694,0.8590572476387024,0.001,64,0,True,normal,123,5.0,data/kulik/dataloader_kulik.py:OctaFull,torchchem_v1,default,test:data/kulik/OctaKulik-splits/HS_LS_same_fold_3612/8_test_indices.txt,node,0.05,True,vector_masked,0.8004,torchchem_v1,1e-05,50,3,LUMO,False,64
c092wgxr,cv10-HS_LS_same_fold-OctaFull-LUMO-inv-noH-ns64-d64-l3-vector_masked-node,389,2.0596299171447754,1.1785560846328735,0.9382026195526124,0.001,64,0,True,normal,123,5.0,data/kulik/dataloader_kulik.py:OctaFull,torchchem_v1,default,test:data/kulik/OctaKulik-splits/HS_LS_same_fold_3612/9_test_indices.txt,node,0.05,True,vector_masked,0.8004,torchchem_v1,1e-05,50,3,LUMO,False,64
mykhguwg,cv10-HS_LS_same_fold-OctaFull-LUMO-inv-noH-ns64-d64-l3-vector_masked-node,276,2.1218936443328857,1.145547866821289,0.9871615767478944,0.001,64,0,True,normal,123,5.0,data/kulik/dataloader_kulik.py:OctaFull,torchchem_v1,default,test:data/kulik/OctaKulik-splits/HS_LS_same_fold_3612/4_test_indices.txt,node,0.05,True,vector_masked,0.7995,torchchem_v1,1e-05,50,3,LUMO,False,64
qzdo2rt3,cv10-HS_LS_same_fold-OctaFull-LUMO-inv-noH-ns64-d64-l3-vector_masked-node,426,2.204275131225586,1.3732963800430298,0.9919676780700684,0.001,64,0,True,normal,123,5.0,data/kulik/dataloader_kulik.py:OctaFull,torchchem_v1,default,test:data/kulik/OctaKulik-splits/HS_LS_same_fold_3612/3_test_indices.txt,node,0.05,True,vector_masked,0.7995,torchchem_v1,1e-05,50,3,LUMO,False,64
3woiquke,cv10-HS_LS_same_fold-OctaFull-LUMO-inv-noH-ns64-d64-l3-vector_masked-node,387,2.4394803047180176,1.308993935585022,1.0527760982513428,0.001,64,0,True,normal,123,5.0,data/kulik/dataloader_kulik.py:OctaFull,torchchem_v1,default,test:data/kulik/OctaKulik-splits/HS_LS_same_fold_3612/2_test_indices.txt,node,0.05,True,vector_masked,0.7995,torchchem_v1,1e-05,50,3,LUMO,False,64
9o2e0m02,cv10-HS_LS_same_fold-OctaFull-LUMO-inv-noH-ns64-d64-l3-vector_masked-node,495,1.9334954023361208,1.0907316207885742,0.9846115708351136,0.001,64,0,True,normal,123,5.0,data/kulik/dataloader_kulik.py:OctaFull,torchchem_v1,default,test:data/kulik/OctaKulik-splits/HS_LS_same_fold_3612/6_test_indices.txt,node,0.05,True,vector_masked,0.8004,torchchem_v1,1e-05,50,3,LUMO,False,64
2bkzaw35,cv10-HS_LS_same_fold-OctaFull-LUMO-inv-noH-ns64-d64-l3-vector_masked-node,507,2.3066582679748535,1.2821974754333496,0.9160122871398926,0.001,64,0,True,normal,123,5.0,data/kulik/dataloader_kulik.py:OctaFull,torchchem_v1,default,test:data/kulik/OctaKulik-splits/HS_LS_same_fold_3612/5_test_indices.txt,node,0.05,True,vector_masked,0.7995,torchchem_v1,1e-05,50,3,LUMO,False,64
8wodl6x6,cv10-HS_LS_same_fold-OctaFull-LUMO-inv-noH-ns64-d64-l3-vector_masked-node,512,2.202016830444336,1.222854495048523,1.0530496835708618,0.001,64,0,True,normal,123,5.0,data/kulik/dataloader_kulik.py:OctaFull,torchchem_v1,default,test:data/kulik/OctaKulik-splits/HS_LS_same_fold_3612/7_test_indices.txt,node,0.05,True,vector_masked,0.8004,torchchem_v1,1e-05,50,3,LUMO,False,64
fr78i826,cv10-random-OctaFull-LUMO-inv-noH-ns48-d64-l3-vector-node,512,1.3542513847351074,0.7123673558235168,0.7504804730415344,0.001,48,0,True,normal,123,2.5,data/kulik/dataloader_kulik.py:OctaFull,torchchem_v1,default,test:data/kulik/OctaKulik-splits/random_3612/8_test_indices.txt,node,0.1,True,vector,0.8,torchchem_v1,1e-05,25,3,LUMO,False,64
10nsyun6,cv10-random-OctaFull-LUMO-inv-noH-ns64-d64-l3-vector_masked-node,433,1.9796088933944704,1.0744653940200806,0.8608110547065735,0.001,64,0,True,normal,123,5.0,data/kulik/dataloader_kulik.py:OctaFull,torchchem_v1,default,test:data/kulik/OctaKulik-splits/random_3612/0_test_indices.txt,node,0.05,True,vector_masked,0.7995,torchchem_v1,1e-05,50,3,LUMO,False,64
3fhsr6xn,cv10-HS_LS_same_fold-OctaFull-HOMO-inv-noH-ns64-d64-l2-vector-node,348,1.680696964263916,0.9561702013015748,0.6817498207092285,0.001,64,0,True,normal,123,2.5,data/kulik/dataloader_kulik.py:OctaFull,torchchem_v1,default,test:data/kulik/OctaKulik-splits/HS_LS_same_fold_3612/6_test_indices.txt,node,0.05,True,vector,0.8004,torchchem_v1,1e-05,10,2,HOMO,False,64
7ha4wehx,cv10-HS_LS_same_fold-OctaFull-HOMO-inv-noH-ns64-d64-l2-vector-node,512,1.7078198194503784,0.9258317351341248,0.674713671207428,0.001,64,0,True,normal,123,2.5,data/kulik/dataloader_kulik.py:OctaFull,torchchem_v1,default,test:data/kulik/OctaKulik-splits/HS_LS_same_fold_3612/7_test_indices.txt,node,0.05,True,vector,0.8004,torchchem_v1,1e-05,10,2,HOMO,False,64
l4470k9x,cv10-HS_LS_same_fold-OctaFull-HOMO-inv-noH-ns64-d64-l2-vector-node,512,1.5601835250854492,0.7809182405471802,0.6472843289375305,0.001,64,0,True,normal,123,2.5,data/kulik/dataloader_kulik.py:OctaFull,torchchem_v1,default,test:data/kulik/OctaKulik-splits/HS_LS_same_fold_3612/2_test_indices.txt,node,0.05,True,vector,0.7995,torchchem_v1,1e-05,10,2,HOMO,False,64
ur8hcvib,cv10-HS_LS_same_fold-OctaFull-HOMO-inv-noH-ns64-d64-l2-vector-node,462,1.4693498611450195,0.8247882723808289,0.6224424839019775,0.001,64,0,True,normal,123,2.5,data/kulik/dataloader_kulik.py:OctaFull,torchchem_v1,default,test:data/kulik/OctaKulik-splits/HS_LS_same_fold_3612/4_test_indices.txt,node,0.05,True,vector,0.7995,torchchem_v1,1e-05,10,2,HOMO,False,64
s6mdjkw6,cv10-HS_LS_same_fold-OctaFull-HOMO-inv-noH-ns64-d64-l2-vector-node,512,1.954225182533264,0.9101462364196776,0.6017044186592102,0.001,64,0,True,normal,123,2.5,data/kulik/dataloader_kulik.py:OctaFull,torchchem_v1,default,test:data/kulik/OctaKulik-splits/HS_LS_same_fold_3612/8_test_indices.txt,node,0.05,True,vector,0.8004,torchchem_v1,1e-05,10,2,HOMO,False,64
b6t5s9od,cv10-HS_LS_same_fold-OctaFull-HOMO-inv-noH-ns64-d64-l2-vector-node,493,1.4942829608917236,0.8348455429077148,0.60113525390625,0.001,64,0,True,normal,123,2.5,data/kulik/dataloader_kulik.py:OctaFull,torchchem_v1,default,test:data/kulik/OctaKulik-splits/HS_LS_same_fold_3612/9_test_indices.txt,node,0.05,True,vector,0.8004,torchchem_v1,1e-05,10,2,HOMO,False,64
tllvm22r,cv10-HS_LS_same_fold-OctaFull-gap-inv-noH-ns64-d32-l2-vector-node,365,0.6980955600738525,0.4799948930740357,0.42774829268455505,0.001,64,0,True,normal,123,2.5,data/kulik/dataloader_kulik.py:OctaFull,torchchem_v1,default,test:data/kulik/OctaKulik-splits/HS_LS_same_fold_3612/4_test_indices.txt,node,0.0,True,vector,0.7995,torchchem_v1,1e-05,25,2,gap,False,32
h7k0i2vb,cv10-HS_LS_same_fold-OctaFull-gap-inv-noH-ns64-d32-l2-vector-node,402,0.7486474514007568,0.508928120136261,0.462878942489624,0.001,64,0,True,normal,123,2.5,data/kulik/dataloader_kulik.py:OctaFull,torchchem_v1,default,test:data/kulik/OctaKulik-splits/HS_LS_same_fold_3612/5_test_indices.txt,node,0.0,True,vector,0.7995,torchchem_v1,1e-05,25,2,gap,False,32
mkjs2per,cv10-HS_LS_same_fold-OctaFull-gap-inv-noH-ns64-d32-l2-vector-node,313,0.7402953505516052,0.4731591045856476,0.41875502467155457,0.001,64,0,True,normal,123,2.5,data/kulik/dataloader_kulik.py:OctaFull,torchchem_v1,default,test:data/kulik/OctaKulik-splits/HS_LS_same_fold_3612/7_test_indices.txt,node,0.0,True,vector,0.8004,torchchem_v1,1e-05,25,2,gap,False,32
2604b9wc,cv10-HS_LS_same_fold-OctaFull-gap-inv-noH-ns64-d32-l2-vector-node,295,0.7093626856803894,0.4821016192436218,0.4253048300743103,0.001,64,0,True,normal,123,2.5,data/kulik/dataloader_kulik.py:OctaFull,torchchem_v1,default,test:data/kulik/OctaKulik-splits/HS_LS_same_fold_3612/6_test_indices.txt,node,0.0,True,vector,0.8004,torchchem_v1,1e-05,25,2,gap,False,32
d1l6pms9,cv10-HS_LS_same_fold-OctaFull-HOMO-inv-noH-ns64-d64-l2-vector-node,512,1.3619766235351562,0.7228027582168579,0.6820917725563049,0.001,64,0,True,normal,123,2.5,data/kulik/dataloader_kulik.py:OctaFull,torchchem_v1,default,test:data/kulik/OctaKulik-splits/HS_LS_same_fold_3612/1_test_indices.txt,node,0.05,True,vector,0.7995,torchchem_v1,1e-05,10,2,HOMO,False,64
1elxor15,cv10-HS_LS_same_fold-OctaFull-gap-inv-noH-ns64-d32-l2-vector-node,343,0.693753182888031,0.4792587161064148,0.419842004776001,0.001,64,0,True,normal,123,2.5,data/kulik/dataloader_kulik.py:OctaFull,torchchem_v1,default,test:data/kulik/OctaKulik-splits/HS_LS_same_fold_3612/8_test_indices.txt,node,0.0,True,vector,0.8004,torchchem_v1,1e-05,25,2,gap,False,32
ecww6lvm,cv10-HS_LS_same_fold-OctaFull-HOMO-inv-noH-ns64-d64-l2-vector-node,512,1.3781548738479614,0.7050207257270813,0.6647258996963501,0.001,64,0,True,normal,123,2.5,data/kulik/dataloader_kulik.py:OctaFull,torchchem_v1,default,test:data/kulik/OctaKulik-splits/HS_LS_same_fold_3612/0_test_indices.txt,node,0.05,True,vector,0.7995,torchchem_v1,1e-05,10,2,HOMO,False,64
zb0pq90h,cv10-HS_LS_same_fold-OctaFull-LUMO-inv-noH-ns48-d64-l3-vector-node,501,1.7806223630905151,1.0007803440093994,0.7841451168060303,0.001,48,0,True,normal,123,2.5,data/kulik/dataloader_kulik.py:OctaFull,torchchem_v1,default,test:data/kulik/OctaKulik-splits/HS_LS_same_fold_3612/4_test_indices.txt,node,0.1,True,vector,0.7995,torchchem_v1,1e-05,25,3,LUMO,False,64
5pqxthq8,cv10-HS_LS_same_fold-OctaFull-LUMO-inv-noH-ns48-d64-l3-vector-node,492,2.0622715950012207,1.1081929206848145,0.8345575332641602,0.001,48,0,True,normal,123,2.5,data/kulik/dataloader_kulik.py:OctaFull,torchchem_v1,default,test:data/kulik/OctaKulik-splits/HS_LS_same_fold_3612/5_test_indices.txt,node,0.1,True,vector,0.7995,torchchem_v1,1e-05,25,3,LUMO,False,64
ckjfxm6e,cv10-HS_LS_same_fold-OctaFull-LUMO-inv-noH-ns48-d64-l3-vector-node,405,1.5552440881729126,0.92860209941864,0.8294451236724854,0.001,48,0,True,normal,123,2.5,data/kulik/dataloader_kulik.py:OctaFull,torchchem_v1,default,test:data/kulik/OctaKulik-splits/HS_LS_same_fold_3612/1_test_indices.txt,node,0.1,True,vector,0.7995,torchchem_v1,1e-05,25,3,LUMO,False,64
7dp0pavx,cv10-HS_LS_same_fold-OctaFull-LUMO-inv-noH-ns48-d64-l3-vector-node,512,1.6284931898117063,0.8551577925682068,0.8166225552558899,0.001,48,0,True,normal,123,2.5,data/kulik/dataloader_kulik.py:OctaFull,torchchem_v1,default,test:data/kulik/OctaKulik-splits/HS_LS_same_fold_3612/0_test_indices.txt,node,0.1,True,vector,0.7995,torchchem_v1,1e-05,25,3,LUMO,False,64
tuznkrgm,cv10-HS_LS_same_fold-OctaFull-LUMO-inv-noH-ns48-d64-l3-vector-node,512,1.8586668968200684,1.0087122917175293,0.8172985911369324,0.001,48,0,True,normal,123,2.5,data/kulik/dataloader_kulik.py:OctaFull,torchchem_v1,default,test:data/kulik/OctaKulik-splits/HS_LS_same_fold_3612/2_test_indices.txt,node,0.1,True,vector,0.7995,torchchem_v1,1e-05,25,3,LUMO,False,64
i8jng1s0,cv10-random-OctaFull-HOMO-inv-noH-ns64-d64-l2-vector-node,493,1.2903023958206177,0.6998770833015442,0.6191472411155701,0.001,64,0,True,normal,123,2.5,data/kulik/dataloader_kulik.py:OctaFull,torchchem_v1,default,test:data/kulik/OctaKulik-splits/random_3612/8_test_indices.txt,node,0.05,True,vector,0.8,torchchem_v1,1e-05,10,2,HOMO,False,64
g7ty6ufj,cv10-random-OctaFull-HOMO-inv-noH-ns64-d64-l2-vector-node,429,1.4379874467849731,0.68218994140625,0.6932827830314636,0.001,64,0,True,normal,123,2.5,data/kulik/dataloader_kulik.py:OctaFull,torchchem_v1,default,test:data/kulik/OctaKulik-splits/random_3612/5_test_indices.txt,node,0.05,True,vector,0.8,torchchem_v1,1e-05,10,2,HOMO,False,64
jz2em91k,cv10-HS_LS_same_fold-OctaFull-LUMO-inv-noH-ns48-d64-l3-vector-node,436,2.093822240829468,1.2086167335510254,0.7807844281196594,0.001,48,0,True,normal,123,2.5,data/kulik/dataloader_kulik.py:OctaFull,torchchem_v1,default,test:data/kulik/OctaKulik-splits/HS_LS_same_fold_3612/3_test_indices.txt,node,0.1,True,vector,0.7995,torchchem_v1,1e-05,25,3,LUMO,False,64
y4770saw,cv10-random-OctaFull-HOMO-inv-noH-ns64-d64-l2-vector-node,458,1.4318865537643433,0.6993257999420166,0.6711404919624329,0.001,64,0,True,normal,123,2.5,data/kulik/dataloader_kulik.py:OctaFull,torchchem_v1,default,test:data/kulik/OctaKulik-splits/random_3612/6_test_indices.txt,node,0.05,True,vector,0.8,torchchem_v1,1e-05,10,2,HOMO,False,64
0c88eq5n,cv10-random-OctaFull-HOMO-inv-noH-ns64-d64-l2-vector-node,482,1.35375714302063,0.7250799536705017,0.7505155801773071,0.001,64,0,True,normal,123,2.5,data/kulik/dataloader_kulik.py:OctaFull,torchchem_v1,default,test:data/kulik/OctaKulik-splits/random_3612/4_test_indices.txt,node,0.05,True,vector,0.8,torchchem_v1,1e-05,10,2,HOMO,False,64
32f7ia2o,cv10-random-OctaFull-gap-inv-noH-ns64-d32-l2-vector-node,290,0.6984737515449524,0.4856826364994049,0.4412580728530884,0.001,64,0,True,normal,123,2.5,data/kulik/dataloader_kulik.py:OctaFull,torchchem_v1,default,test:data/kulik/OctaKulik-splits/random_3612/3_test_indices.txt,node,0.0,True,vector,0.8,torchchem_v1,1e-05,25,2,gap,False,32
2u5c9ucq,cv10-HS_LS_same_fold-OctaFull-gap-inv-noH-ns64-d32-l2-vector-node,413,0.632731020450592,0.4427764117717743,0.4135420024394989,0.001,64,0,True,normal,123,2.5,data/kulik/dataloader_kulik.py:OctaFull,torchchem_v1,default,test:data/kulik/OctaKulik-splits/HS_LS_same_fold_3612/9_test_indices.txt,node,0.0,True,vector,0.8004,torchchem_v1,1e-05,25,2,gap,False,32
hrq0kynp,cv10-random-OctaFull-gap-inv-noH-ns64-d32-l2-vector-node,274,0.6554229259490967,0.4199331998825073,0.4592058062553406,0.001,64,0,True,normal,123,2.5,data/kulik/dataloader_kulik.py:OctaFull,torchchem_v1,default,test:data/kulik/OctaKulik-splits/random_3612/2_test_indices.txt,node,0.0,True,vector,0.8,torchchem_v1,1e-05,25,2,gap,False,32
hnb0op4f,cv10-random-OctaFull-HOMO-inv-noH-ns64-d64-l3-vector_masked-node,360,1.7406402826309204,0.965691864490509,0.8073740005493164,0.001,64,0,True,normal,123,5.0,data/kulik/dataloader_kulik.py:OctaFull,torchchem_v1,default,test:data/kulik/OctaKulik-splits/random_3612/0_test_indices.txt,node,0.0,True,vector_masked,0.7995,torchchem_v1,1e-05,10,3,HOMO,False,64
h6a640mm,cv10-random-OctaFull-gap-inv-noH-ns48-d48-l3-vector_masked-both,234,0.7225414514541626,0.5117650032043457,0.4241757392883301,0.001,48,0,True,normal,123,2.5,data/kulik/dataloader_kulik.py:OctaFull,torchchem_v1,default,test:data/kulik/OctaKulik-splits/random_3612/8_test_indices.txt,both,0.1,True,vector_masked,0.8,torchchem_v1,1e-05,10,3,gap,False,48
paq8c9go,cv10-random-OctaFull-gap-inv-noH-ns48-d48-l3-vector_masked-both,447,0.6978540420532227,0.48741239309310913,0.4555913805961609,0.001,48,0,True,normal,123,2.5,data/kulik/dataloader_kulik.py:OctaFull,torchchem_v1,default,test:data/kulik/OctaKulik-splits/random_3612/9_test_indices.txt,both,0.1,True,vector_masked,0.8,torchchem_v1,1e-05,10,3,gap,False,48
djh0j5pi,cv10-random-OctaFull-gap-inv-noH-ns48-d48-l3-vector_masked-both,276,0.7992469072341919,0.5200390219688416,0.4416454434394837,0.001,48,0,True,normal,123,2.5,data/kulik/dataloader_kulik.py:OctaFull,torchchem_v1,default,test:data/kulik/OctaKulik-splits/random_3612/7_test_indices.txt,both,0.1,True,vector_masked,0.8,torchchem_v1,1e-05,10,3,gap,False,48
g0e3j7pw,cv10-random-OctaFull-HOMO-inv-noH-ns64-d64-l2-vector-node,428,1.881581425666809,0.8870572447776794,0.6602110862731934,0.001,64,0,True,normal,123,2.5,data/kulik/dataloader_kulik.py:OctaFull,torchchem_v1,default,test:data/kulik/OctaKulik-splits/random_3612/9_test_indices.txt,node,0.05,True,vector,0.8,torchchem_v1,1e-05,10,2,HOMO,False,64
doy8o65l,cv10-HS_LS_same_fold-OctaFull-HOMO-inv-noH-ns64-d64-l3-vector_masked-node,352,1.9380016326904297,1.0319832563400269,0.731998860836029,0.001,64,0,True,normal,123,5.0,data/kulik/dataloader_kulik.py:OctaFull,torchchem_v1,default,test:data/kulik/OctaKulik-splits/HS_LS_same_fold_3612/9_test_indices.txt,node,0.0,True,vector_masked,0.8004,torchchem_v1,1e-05,10,3,HOMO,False,64
1nbgs8fg,cv10-random-OctaFull-gap-inv-noH-ns64-d32-l2-vector-node,426,0.6603946685791016,0.45093491673469543,0.4113171398639679,0.001,64,0,True,normal,123,2.5,data/kulik/dataloader_kulik.py:OctaFull,torchchem_v1,default,test:data/kulik/OctaKulik-splits/random_3612/1_test_indices.txt,node,0.0,True,vector,0.7995,torchchem_v1,1e-05,25,2,gap,False,32
9mmunxz7,cv10-HS_LS_same_fold-OctaFull-HOMO-inv-noH-ns64-d64-l3-vector_masked-node,388,2.1316189765930176,1.2174862623214722,0.8890575170516968,0.001,64,0,True,normal,123,5.0,data/kulik/dataloader_kulik.py:OctaFull,torchchem_v1,default,test:data/kulik/OctaKulik-splits/HS_LS_same_fold_3612/8_test_indices.txt,node,0.0,True,vector_masked,0.8004,torchchem_v1,1e-05,10,3,HOMO,False,64
yqyw3xin,cv10-random-OctaLow-splitting-inv-noH-ns64-d16-l3-vector-both,313,8.259235382080078,5.0006208419799805,3.8396713733673096,0.0005,64,0,True,normal,123,2.5,data/kulik/dataloader_kulik.py:OctaLow,torchchem_v1,default,test:data/kulik/OctaKulik-splits/random_1806/2_test_indices.txt,both,0.0,True,vector,0.8,torchchem_v1,1e-05,50,3,splitting,False,16
njminyh2,cv10-random-OctaLow-splitting-inv-noH-ns64-d16-l3-vector-both,310,7.058705806732178,4.605900287628174,3.870857000350952,0.0005,64,0,True,normal,123,2.5,data/kulik/dataloader_kulik.py:OctaLow,torchchem_v1,default,test:data/kulik/OctaKulik-splits/random_1806/7_test_indices.txt,both,0.0,True,vector,0.801,torchchem_v1,1e-05,50,3,splitting,False,16
hwtnpjds,cv10-random-OctaLow-splitting-inv-noH-ns64-d16-l3-vector-both,352,6.9945855140686035,4.530215263366699,4.280179977416992,0.0005,64,0,True,normal,123,2.5,data/kulik/dataloader_kulik.py:OctaLow,torchchem_v1,default,test:data/kulik/OctaKulik-splits/random_1806/5_test_indices.txt,both,0.0,True,vector,0.8,torchchem_v1,1e-05,50,3,splitting,False,16
eq6ymvyw,cv10-random-OctaLow-splitting-inv-noH-ns64-d16-l3-vector-both,274,6.9196085929870605,4.500208377838135,4.187933921813965,0.0005,64,0,True,normal,123,2.5,data/kulik/dataloader_kulik.py:OctaLow,torchchem_v1,default,test:data/kulik/OctaKulik-splits/random_1806/0_test_indices.txt,both,0.0,True,vector,0.8,torchchem_v1,1e-05,50,3,splitting,False,16
co5ue2wm,cv10-random-OctaLow-splitting-inv-noH-ns64-d16-l3-vector-both,280,6.9757561683654785,4.342560291290283,4.022980213165283,0.0005,64,0,True,normal,123,2.5,data/kulik/dataloader_kulik.py:OctaLow,torchchem_v1,default,test:data/kulik/OctaKulik-splits/random_1806/1_test_indices.txt,both,0.0,True,vector,0.8,torchchem_v1,1e-05,50,3,splitting,False,16
xznjeq31,cv10-random-OctaLow-splitting-inv-noH-ns64-d16-l3-vector-both,424,7.262103080749512,4.900656223297119,3.660551071166992,0.0005,64,0,True,normal,123,2.5,data/kulik/dataloader_kulik.py:OctaLow,torchchem_v1,default,test:data/kulik/OctaKulik-splits/random_1806/3_test_indices.txt,both,0.0,True,vector,0.8,torchchem_v1,1e-05,50,3,splitting,False,16
d2nryh79,cv10-random-OctaLow-splitting-inv-noH-ns64-d16-l3-vector-both,294,8.205253601074219,4.964778900146484,4.1213860511779785,0.0005,64,0,True,normal,123,2.5,data/kulik/dataloader_kulik.py:OctaLow,torchchem_v1,default,test:data/kulik/OctaKulik-splits/random_1806/9_test_indices.txt,both,0.0,True,vector,0.801,torchchem_v1,1e-05,50,3,splitting,False,16
luy84c5r,cv10-random-OctaLow-splitting-inv-noH-ns64-d16-l3-vector-both,339,6.744869232177734,4.652211666107178,3.8551435470581055,0.0005,64,0,True,normal,123,2.5,data/kulik/dataloader_kulik.py:OctaLow,torchchem_v1,default,test:data/kulik/OctaKulik-splits/random_1806/4_test_indices.txt,both,0.0,True,vector,0.8,torchchem_v1,1e-05,50,3,splitting,False,16
zam88i5j,cv10-random-OctaLow-splitting-inv-noH-ns64-d16-l3-vector-both,395,6.502039909362793,4.482275485992432,3.8979616165161137,0.0005,64,0,True,normal,123,2.5,data/kulik/dataloader_kulik.py:OctaLow,torchchem_v1,default,test:data/kulik/OctaKulik-splits/random_1806/8_test_indices.txt,both,0.0,True,vector,0.801,torchchem_v1,1e-05,50,3,splitting,False,16
xurfwrxg,cv10-random-OctaLow-splitting-inv-noH-ns64-d16-l3-vector-both,449,6.040170192718506,3.9525086879730225,4.1469340324401855,0.0005,64,0,True,normal,123,2.5,data/kulik/dataloader_kulik.py:OctaLow,torchchem_v1,default,test:data/kulik/OctaKulik-splits/random_1806/6_test_indices.txt,both,0.0,True,vector,0.801,torchchem_v1,1e-05,50,3,splitting,False,16
1zyamsrh,cv10-random-OctaLow-splitting-inv-noH-ns64-d32-l3-vector_masked-both,239,6.582847595214844,4.348095417022705,3.648147583007813,0.0005,64,0,True,normal,123,2.5,data/kulik/dataloader_kulik.py:OctaLow,torchchem_v1,default,test:data/kulik/OctaKulik-splits/random_1806/0_test_indices.txt,both,0.0,True,vector_masked,0.8,torchchem_v1,1e-05,25,3,splitting,False,32
v71qj05w,cv10-random-OctaLow-splitting-inv-noH-ns64-d32-l3-vector_masked-both,339,6.313924789428711,4.182260036468506,3.862079381942749,0.0005,64,0,True,normal,123,2.5,data/kulik/dataloader_kulik.py:OctaLow,torchchem_v1,default,test:data/kulik/OctaKulik-splits/random_1806/6_test_indices.txt,both,0.0,True,vector_masked,0.801,torchchem_v1,1e-05,25,3,splitting,False,32
ygancm5t,cv10-random-OctaLow-splitting-inv-noH-ns64-d32-l3-vector_masked-both,241,7.482346057891846,4.907325744628906,3.8307502269744873,0.0005,64,0,True,normal,123,2.5,data/kulik/dataloader_kulik.py:OctaLow,torchchem_v1,default,test:data/kulik/OctaKulik-splits/random_1806/3_test_indices.txt,both,0.0,True,vector_masked,0.8,torchchem_v1,1e-05,25,3,splitting,False,32
6ohm299c,cv10-random-OctaLow-splitting-inv-noH-ns64-d32-l3-vector_masked-both,283,7.078608512878418,4.620956897735596,3.4250402450561523,0.0005,64,0,True,normal,123,2.5,data/kulik/dataloader_kulik.py:OctaLow,torchchem_v1,default,test:data/kulik/OctaKulik-splits/random_1806/1_test_indices.txt,both,0.0,True,vector_masked,0.8,torchchem_v1,1e-05,25,3,splitting,False,32
xqowgjeh,cv10-random-OctaLow-splitting-inv-noH-ns64-d32-l3-vector_masked-both,452,7.017179489135742,4.393599510192871,3.7693281173706055,0.0005,64,0,True,normal,123,2.5,data/kulik/dataloader_kulik.py:OctaLow,torchchem_v1,default,test:data/kulik/OctaKulik-splits/random_1806/7_test_indices.txt,both,0.0,True,vector_masked,0.801,torchchem_v1,1e-05,25,3,splitting,False,32
x3ibxd79,cv10-random-OctaLow-splitting-inv-noH-ns64-d32-l3-vector_masked-both,368,6.2052741050720215,4.1403727531433105,3.497910976409912,0.0005,64,0,True,normal,123,2.5,data/kulik/dataloader_kulik.py:OctaLow,torchchem_v1,default,test:data/kulik/OctaKulik-splits/random_1806/5_test_indices.txt,both,0.0,True,vector_masked,0.8,torchchem_v1,1e-05,25,3,splitting,False,32
pjkb5gvf,cv10-random-OctaLow-splitting-inv-noH-ns64-d32-l3-vector_masked-both,445,6.726937770843506,4.517626762390137,3.809439897537231,0.0005,64,0,True,normal,123,2.5,data/kulik/dataloader_kulik.py:OctaLow,torchchem_v1,default,test:data/kulik/OctaKulik-splits/random_1806/8_test_indices.txt,both,0.0,True,vector_masked,0.801,torchchem_v1,1e-05,25,3,splitting,False,32
gk9j33wk,train_valid-OctaLow-splitting-inv-noH-ns64-d16-l3-vector-both,325,6.823130130767822,4.5826191902160645,3.952648878097534,0.0005,64,0,True,normal,123,2.5,data/kulik/dataloader_kulik.py:OctaLow,torchchem_v1,default,test:data/kulik/OctaKulik-splits/train_valid_1806/0_test_indices.txt,both,0.0,True,vector,0.599,torchchem_v1,1e-05,50,3,splitting,False,16
v4axtcqq,cv10-random-OctaLow-splitting-inv-noH-ns64-d32-l3-vector_masked-both,379,7.195725440979004,4.649033069610596,3.518690347671509,0.0005,64,0,True,normal,123,2.5,data/kulik/dataloader_kulik.py:OctaLow,torchchem_v1,default,test:data/kulik/OctaKulik-splits/random_1806/9_test_indices.txt,both,0.0,True,vector_masked,0.801,torchchem_v1,1e-05,25,3,splitting,False,32
fri2jeg8,train_valid-OctaLow-splitting-inv-noH-ns64-d32-l3-vector_masked-both,309,7.610978126525879,4.87775993347168,3.9808812141418457,0.0005,64,0,True,normal,123,2.5,data/kulik/dataloader_kulik.py:OctaLow,torchchem_v1,default,test:data/kulik/OctaKulik-splits/train_valid_1806/0_test_indices.txt,both,0.0,True,vector_masked,0.599,torchchem_v1,1e-05,25,3,splitting,False,32
olrrnde0,cv10-random-OctaLow-splitting-inv-noH-ns64-d32-l3-vector_masked-both,273,8.582232475280762,4.929164886474609,3.588799953460694,0.0005,64,0,True,normal,123,2.5,data/kulik/dataloader_kulik.py:OctaLow,torchchem_v1,default,test:data/kulik/OctaKulik-splits/random_1806/2_test_indices.txt,both,0.0,True,vector_masked,0.8,torchchem_v1,1e-05,25,3,splitting,False,32
iod1ev9f,cv10-random-OctaLow-splitting-inv-noH-ns64-d32-l3-vector_masked-both,315,6.633016586303711,4.309866428375244,3.6976490020751953,0.0005,64,0,True,normal,123,2.5,data/kulik/dataloader_kulik.py:OctaLow,torchchem_v1,default,test:data/kulik/OctaKulik-splits/random_1806/4_test_indices.txt,both,0.0,True,vector_masked,0.8,torchchem_v1,1e-05,25,3,splitting,False,32
